﻿<?xml version="1.0" encoding="utf-8"?>
<root>
	<header />
	<body >
		<button name="keywordButton" rect="0,0,20,25" focus="keywordButtonFocus" OnSelect="productLiveChannelDaySelect" >
			<label name="keywordslistLabel" rect="0,0,20,25" text="" color="#004070" h-align="left" v-align="center" />
			<image name="keywordslistImg" rect="25,4,18,18" src=""  />
			<node name="keywordButtonFocus" >
				<label name="keywordslistLabelFocus" rect="0,0,20,20" text="" color="#ff0000" h-align="left" v-align="center" />
			</node>
		</button>
  </body>
</root>
