<?xml version="1.0" encoding="utf-8"?><root>	<header />	<body>		<button name="list-item-button" rect="0,0,205,39" OnSetFocus="videoLiveListItemButtonOnSetFocus" OnKeyUp="listKeyUp_Live">			<node name="select-display" rect="0,0,205,39" >				<image name="boardImage" rect="0,0,220,39" src="file:///image/product/jiaodian_live.png" />				<label name="label-time-begin" rect="7,20,40,20" text="09:22" v-align="top" h-align="left" color="#FCDCEB" />				<image name="image-time-background-bar" rect="50,24,107,7"	src="file:///image/product/selectbarbg.png" />				<image name="image-time-progress-bar" rect="50,24,107,7"	src="file:///image/product/selectbarfg.png" />				<label name="label-time-end" rect="163,20,40,20" text="09:22" v-align="top" h-align="left" color="#FCDCEB" />				<scrolltext name="video-title" rect="7,2,160,20" text="" step="2" scroll="true" color="#FCDCEB" />			</node>			<node name="unselect-display" rect="0,0,205,39" >				<image name="boardImage" rect="0,0,220,39" src="file:///image/product/jiaodian_bg1.png" />				<label name="label-time-begin" rect="7,20,40,20" text="09:22" v-align="top" h-align="left" color="#585858" />				<image name="image-time-background-bar" rect="50,24,107,7"	src="file:///image/product/selectbarbg.png" />				<image name="image-time-progress-bar" rect="50,24,107,7"	src="file:///image/product/selectbarfg.png" />				<label name="label-time-end" rect="163,20,40,20" text="09:22" v-align="top" h-align="left" color="#585858" />				<label name="video-title2" rect="7,2,160,20" text="" color="#18496B" postfix="..."/>			</node>			<button name="live" rect="0,0,220,39" OnSelect="liveButtonOnSelect" OnKeyUp="listKeyUp_Live" >				<image name="icon-sel"	rect="176,4,15,15" src="file:///image/product/ico_lb1.png" />			</button>		</button>	</body></root>