<?xml version="1.0" encoding="utf-8"?>
<root>
	<header>
	</header>
	<body>
		<node name="productDemandItemButton" visible="true">
			<button name="list-item-button" rect="0,0,205,24" OnKeyUp="productDemandItemKeyUp" OnSetFocus = "DemandItemOnSetFocus" OnLostFocus="DemandItemOnLostFocus" OnMouseDown="DemandItemOnMouseDown">
				<node name="select-display" rect="0,0,220,24" >
					<image name="boardImage" rect="0,0,220,24" src="file:///image/product/jiaodian_bg.png" />
					<image name="icon-sel"	rect="7,6,10,10" src="file:///image/product/ys2.png" />
					 <list name="list-video-caption-stars" rect="22,20,76,12" col="5" line="1" offset= "4,0">
						<image rect="0,0,12,12" src="file://image//menuprograminfo/star2.png"  />
						<image rect="16,0,12,12" src="file://image//menuprograminfo/star2.png"  />
						<image rect="32,0,12,12" src="file://image//menuprograminfo/star2.png"  />
						<image rect="48,0,12,12" src="file://image//menuprograminfo/star2.png"  />
						<image rect="64,0,12,12" src="file://image//menuprograminfo/star2.png"  />
							<!--start 这里用星星显示评分，改变rect即可改变显示星星的多少-->
						<node name="starlevel" frame="true" rect="0,0,76,12">
							<image rect="0,0,12,12" src="file://image//menuprograminfo/star1.png"  />
							<image rect="16,0,12,12" src="file://image//menuprograminfo/star1.png"  />
							<image rect="32,0,12,12" src="file://image//menuprograminfo/star1.png"  />
							<image rect="48,0,12,12" src="file://image//menuprograminfo/star1.png"  />
							<image rect="64,0,12,12" src="file://image//menuprograminfo/star1.png"  />
							</node>
					</list>
					<list name="buttonList" rect="175,0,43,15" col="1" line="2" >
						<list-item name="playbutton-listitem" rect="0,1,43,16"  >
							<button name="playbutton" rect="0,0,43,15" OnSelect="listItemDemandOnSelect" normal="btnNormal" focus="btnFocus" OnKeyUp="listKeyUp_Demand">
								<node name="btnNormal">
									<image rect="0,0,43,16" src="file://image//product//btn_normal.png" />
									<label rect="0,0,43,16" h-align="center" v-align="center" color="#F0F0F0" text="播放" />
								</node>
								<node name="btnFocus">
									<image rect="0,0,43,16" src="file:///image//product//btn_focus.png" />
									<label rect="0,0,43,16" h-align="center" v-align="center" color="#FF1A64" text="播放" />
								</node>
							</button>
						</list-item>
						<list-item name="descbutton-listitem" rect="0,18,43,16"  >
							<button name="descbutton" rect="0,0,43,15" OnSelect="listItemDemandOnSelect" normal="btnNormal" focus="btnFocus" OnKeyUp="listKeyUp_Demand">
								<node name="btnNormal">
									<image rect="0,0,43,16" src="file://image//product//btn_normal.png" />
									<label rect="0,0,43,16" h-align="center" v-align="center" color="#F0F0F0" text="详情" />
								</node>
								<node name="btnFocus">
									<image rect="0,0,43,16" src="file:///image//product//btn_focus.png" />
									<label rect="0,0,43,16" h-align="center" v-align="center" color="#FF1A64" text="详情" />
								</node>
							</button>
						</list-item>
					</list>
					<scrolltext name="video-title" rect="22,3,140,14" text="" step="2" scroll="true" color="#FFFFFF" />
				</node>
				<node name="unselect-display" rect="0,0,220,24" >
					<image name="boardImage" rect="0,0,220,24" src="file:///image/product/unselectbg.png" />
					<image name="icon-unselect"	rect="7,6,10,10" src="file:///image/history/ico_dianing.png" />
					<label name="video-title2" rect="22,3,155,14" text="" postfix="..." color="1A4A6C" step="2" scroll="true" />
				</node>
			</button>
		</node>
		<node name="productLabelItemButton" visible="false">
			<button name="list-item-button" rect="0,0,205,24" OnSetFocus="videoDemandListItemButtonOnSetFocus" >
				<node name="select-display" rect="0,0,220,24" >
					<image name="boardImage" rect="0,0,220,24" src="file:///image/product/jiaodian_bg.png" />
					<image name="icon-sel"	rect="7,6,10,10" src="file:///image/product/ys2.png" />
					<list name="list-video-caption-stars" rect="22,20,76,12" col="5" line="1" offset= "4,0">
							<image rect="0,0,12,12" src="file://image//menuprograminfo/star2.png"  />
							<image rect="16,0,12,12" src="file://image//menuprograminfo/star2.png"  />
							<image rect="32,0,12,12" src="file://image//menuprograminfo/star2.png"  />
							<image rect="48,0,12,12" src="file://image//menuprograminfo/star2.png"  />
							<image rect="64,0,12,12" src="file://image//menuprograminfo/star2.png"  />
							<!--start 这里用星星显示评分，改变rect即可改变显示星星的多少-->
							<node name="starlevel" frame="true" rect="0,0,76,12">
								<image rect="0,0,12,12" src="file://image//menuprograminfo/star1.png"  />
								<image rect="16,0,12,12" src="file://image//menuprograminfo/star1.png"  />
								<image rect="32,0,12,12" src="file://image//menuprograminfo/star1.png"  />
								<image rect="48,0,12,12" src="file://image//menuprograminfo/star1.png"  />
								<image rect="64,0,12,12" src="file://image//menuprograminfo/star1.png"  />
							</node>
					</list>
					<button name="playbutton1" rect="100,0,122,38" OnSelect="listItemLabelOnSelect" normal="btnNormal" focus="btnFocus" OnKeyUp="listKeyUp_Demand" >
						<node name="btnNormal">
							<image rect="100,11,8,14" src="file://image//product//go2label.png" />
						</node>
						<node name="btnFocus">
							<image rect="100,12,8,14" src="file:///image//product//go2label.png" />
						</node>
					</button>
					<scrolltext name="video-title" rect="22,1,140,14" text="" step="2" scroll="true" color="#FFFFFF" />				
				</node>
				<node name="unselect-display" rect="0,0,220,24" >
					<image name="boardImage" rect="0,0,220,24" src="file:///image/product/unselectbg.png" />
					<image name="icon-unselect"	rect="7,6,10,10" src="file:///image/history/ico_dianing.png" />
					<label name="video-title2" rect="22,1,155,14" text="" postfix="..." color="1A4A6C" step="2" scroll="true" /> 
				</node>
			</button>
		</node>
	</body>
</root>
