<?xml version="1.0" encoding="utf-8"?>
<root>
	<header />
	<body>
		<button name="list-item-button" rect="0,0,205,24" OnSetFocus="videoReviewListItemButtonOnSetFocus" OnKeyUp="listKeyUp_Live" >
			<node name="select-display" rect="0,0,205,24" >
				<image name="boardImage" rect="0,0,220,24" src="file:///image/product/jiaodian_bg.png" />
				<label name="label-time-begin" rect="5,4,40,20" text="09:22" v-align="top" h-align="left" color="#FCDCEB" />
				<scrolltext name="video-title" rect="40,4,130,20" text="" step="2" scroll="true" color="#FCDCEB" />
			</node>
			<node name="unselect-display" rect="0,0,205,24" >
				<image name="boardImage" rect="0,0,220,24" src="file:///image/product/unselectbg.png" />
				<label name="label-time-begin" rect="5,4,40,20" text="09:22" v-align="top" h-align="left" color="#585858" />
				<label name="video-title2" rect="40,4,130,20" text="" color="#18496B" postfix="..."/>
			</node>
			<button name="review-button" rect="0,0,205,24" OnSelect="reviewButtonOnSelect" >
				<image name="icon-sel"	rect="176,4,15,15" src="file:///image/product/ico_review.png" />
			</button>
		</button>
	</body>
</root>
