﻿<?xml version="1.0" encoding="utf-8"?>
<root>
  <header />
  <body >
		<image name="scrollbar-body" rect="0,0,13,0" style="tile" src="file:///image/common/scrollbar_body.png"/>
		<image name="scrollbar-upArrow" rect="0,0,13,13" src="file:///image/common/uparrow.png"/>
		<image name="scrollbar-downArrow" rect="0,0,13,13" src="file:///image/common/downarrow.png"/>
		<scrollbar name="scroll" rect="0,0,0,0" style="vert" pos="0" max-size="100" splider="1" bar="splider-bar" OnMouseMove="ScrollBarHitTest" OnMouseUp="ScrollbarOnMouseUp" OnMouseDown="ScrollbarOnMouseDown" >
	　　<button name="splider-bar" rect="0,80,0,0">
	　　　<image name="splider-image" rect="0,0,13,48" src="file:///image/common/scrollbar_splider.png"/>
	　　</button>
		</scrollbar>
		<button name="upArrowbutton" rect="0,0,13,13" OnSelect = "upArrowbuttonOnSelect"/>
		<button name="downArrowbutton" rect="0,0,13,13" OnSelect = "downArrowOnSelect"/>
  </body>
</root>
