﻿<?xml version="1.0" encoding="utf-8"?>
<root>
	<header>
		<script src="file://bottommenu.lua"></script>
	</header>
	<body>
		<shadow rect="0,0,240,296" alpha="128"/>
		<node rect="0,212,240,86">
			<button rect="0,0,80,43" normal="normal" focus="focus" OnSelect="mailBoxOnSelect">
				<image name="normal" rect="0,0,80,43" src="file:///image/menubottom/more_sjx.png"/>
				<image name="focus" rect="0,0,80,43" src="file:///image/menubottom/more_sjx2.png"/>
			</button>
	
			<button rect="80,0,80,43" normal="normal" focus="focus" OnSelect="myOrderOnSelect">
				<image name="normal" rect="0,0,80,43" src="file:///image/menubottom/more_wddg.png"/>
				<image name="focus" rect="0,0,80,43" src="file:///image/menubottom/more_wddg2.png"/>
			</button>
	
			<button rect="160,0,80,43" normal="normal" focus="focus" OnSelect="myFavOnSelect">
				<image name="normal" rect="0,0,80,43" src="file:///image/menubottom/more_scj.png"/>
				<image name="focus" rect="0,0,80,43" src="file:///image/menubottom/more_scj2.png"/>
			</button>
	
			<button rect="0,43,80,43" normal="normal" focus="focus" OnSelect="addFavOnSelect">
				<image name="normal" rect="0,0,80,43" src="file:///image/menubottom/more_jrsc.png"/>
				<image name="focus" rect="0,0,80,43" src="file:///image/menubottom/more_jrsc2.png"/>
			</button>
	
			<button rect="80,43,80,43" normal="normal" focus="focus" OnSelect="historyOnSelect">
				<image name="normal" rect="0,0,80,43" src="file:///image/menubottom/more_lsjl.png"/>
				<image name="focus" rect="0,0,80,43" src="file:///image/menubottom/more_lsjl2.png"/>
			</button>
	
			<button rect="160,43,80,43" normal="normal" focus="focus" OnSelect="localFileOnSelect">
				<image name="normal" rect="0,0,80,43" src="file:///image/menubottom/more_bdmt.png"/>
				<image name="focus" rect="0,0,80,43" src="file:///image/menubottom/more_bdmt2.png"/>
			</button>
		</node>
		<node name="sysmenu-board" rect="0,0,240,296" enable="true" OnMouseUp="menuBoardOnMouseUp"/>
  </body>
</root>
