﻿<?xml version="1.0" encoding="utf-8"?>
<root>
<!--module bulletin -->
<!--note 准备上传-->
<!--author chenzhongjie-->
<!--date 2010/05/30-->
  <header>
	  <script src="file://bulletin.lua" />
  </header>
  <body BuildChildrenFinished="bodyBuildChildrenFinished" 
		OnPluginEvent="OnPluginEvent" 
		OnSpriteEvent="OnSpriteEvent">
		<button name="emptyBt"  rect="0,0,0,0" OnKeyUp="emptyOnkeyUp" />
	<node active="false" enable="false">
		<image name="caption" rect="0,0,240,28" src="file:///image/common/caption.png" />
		<image name="body" rect="0,28,240,274" src="file:///image/common/background.png" />
	</node>	
	<battery-signal rect="0,0,240,28" image-battery="file:///image/common/battery.png" image-signal="file:///image/common/signal.png" 
					image-degree="file:///image/common/degree.png" number-degree="4" position-battery="150,8" position-signal="180,8" position-time="207,8"/>		

	<node active="false" enable="false">
		<image rect="5,60,230,233"  src="file:///image/common/tongyong_1.png" />
	</node>
	<list name="help"  rect="0,0,240,320" col="1" line="2" current="0">
		<list-item name="top-region" rect="0,28,240,30">
		        <!--start 标题-->
		        <list-item name="item-title" rect="0,0,240,26">
		          <image rect="0,0,240,26" src="file:///image/upload/title_bg.png"/>
		          <image rect="0,0,27,26" src="file:///image/bulletin/icon.png"/>
		          <label rect="28,5,60,14" text="最新公告" color="#585858" v-align="center" h-align="left"/>
		        </list-item>
		        <!--end 标题-->  
			<list name="top-list" rect="0,0,240,30" col="3" line="1">
  
				<!--start 回顶部按钮 -->
				<!--list-item name="backtop" rect="188,8,47,18">
					<button name="backtopbutton" rect="0,0,47,18" normal="backtopNormal" focus="backtopFocus" OnSelect = "backtopButtonOnSelect">
						<image name="backtopNormal" rect="0,0,47,18" src="file:///image/help/ico_back.png" />
					    <image name="backtopFocus" rect="0,0,47,18" src="file:///image/help/ico_back2.png" />
					</button>
				</list-item-->
				<!--end-->
			</list>
		</list-item>
	</list>
	
	<list name="bulletin-list" rect="0,0,240,320" col="1" line="4" current="0">
	</list>

  </body>
</root>
