﻿<?xml version="1.0" encoding="utf-8"?>
<root>
  <!--module bulletin-->
  <!--note 点击操作说明按钮需加载的xml文件-->
  <!--author chenzhongjie-->
  <!--date 2010/05/26-->
	<header />		
	<body>
		<!--node active="false" enable="false">
			<image rect="0,0,230,233" style="tile" src="file:///image/common/tongyong_1.png" />
		</node-->	
		<!--list name="help-list" rect="0,0,230,233" col="2" line="1" frame="true">
			<list-item name="left-part" rect="0,0,450,233">
				<!--end-->
				<!--start 显示公告文本的区域-->
				<!--list name="open-content" rect="5,5,210,375" col="1" line="3" current="0"  offset="0,5" -->
					<!--list-item name="bulletin1" rect="5,0,205,25" -->
						<button name="title" rect="11,65,218,25" normal="titleBtn" focus="focus" OnSelect="titleOnSelect" OnKeyUp="listKeyUp" OnLostFocus="buttonOnLostFocus"> 
							<image name="titleBtn" rect="0,0,218,25"  src="file:///image/bulletin/item_button1.png" />		
							<image name="focus" rect="0,0,218,25"  src="file:///image/bulletin/item_button2.png" />					
						</button>
						<scrolltext name="titleBtnText" rect="39,70,185,16" text="" color="#585858" v-align="center" h-align="left" step="2" scroll="true" />
						<image name="textBG" rect="11,92,218,98"  src="file:///image/bulletin/textbg.png" visible="false"/>						
						<textarea name="bulletinText1" rect="15,93,200,96" color="#0" line-height="15" step="1" loop="true" text="" frame="true" visible="false"/>
					<!--/list-item-->
					<!--list-item name="bulletin2" rect="5,0,205,25" >
						<button name="title" rect="0,0,218,25" OnSelect="titleOnSelect">
							<image name="titleBtn" rect="0,0,218,25"  src="file:///image/bulletin/item_button1.png" />
						</button>
						<label name="titleBtnText" rect="28,0,150,21" text="" color="#004488" v-align="center" h-align="left" />
						<image name="textBG" rect="0,27,218,98"  src="file:///image/bulletin/textBG.png" visible="false"/>						
						<textarea name="bulletinText1" rect="3,29,200,100" color="#0" line-height="15" step="1" loop="false" text="32123123123123" visible="false"/>
					</list-item>		
					<list-item name="bulletin3" rect="5,0,218,25" >
						<button name="title" rect="0,0,218,25" OnSelect="titleOnSelect">
							<image name="titleBtn" rect="0,0,218,25"  src="file:///image/bulletin/item_button1.png" />
						</button>
						<label name="titleBtnText" rect="28,0,150,21" text="" color="#004488" v-align="center" h-align="left" />
						<image name="textBG" rect="0,27,218,98"  src="file:///image/bulletin/textBG.png" visible="false"/>						
						<textarea name="bulletinText1" rect="3,29,200,100" color="#0" line-height="15" step="1" loop="true" text="afasdf asdfasdf" visible="false"/>
					</list-item-->							
				<!--/list>
				<!--end-->
			<!--/list-item>				
			<!--list-item name="right-part" rect="213,3,13,227">
				<image rect="0,0,13,227" src="file:///image/history/scrollbar.png"/>
				<scrollbar name="scroll" rect="0,14,13,199" style="vert" pos="0" max-size="100" splider="1" bar="splider-bar" OnMouseDown="scrollbarSelect">
			　　	<button name="splider-bar" rect="0,80,0,0">
			　　　　	<image rect="0,0,13,48" src="file:///image/history/splider.png"/>
			　	　</button>
				</scrollbar>			
	<!--		<scrollbar rect="0,0,14,285" style="vert" pos="50" max-size="100" splider="10" OnPageUp="scrollbarOnPageUp" OnPageDown="scrollbarOnPageDown"/>	-->		
			<!--/list-item-->	
		<!--/list-->
	</body>
</root>	
	