﻿<?xml version="1.0" encoding="utf-8"?>
<root>
  <header>
  		<script src="file:///cancelorder.lua"/>
  </header>
  <body BuildChildrenFinished="bodyBuildChildrenFinished" 
		OnPluginEvent="bodyOnPluginEvent"
		OnSpriteEvent="bodyOnSpriteEvent"
		OnSetFocus="option-box1"
	>
			<image rect="6,200,230,102" style="tile" src="file:///image/dialog/dialog2.png" />
			<image rect="6,195,230,5" src="file:///image/dialog/dialog3.png" />
			<image rect="15,192,214,21" src="file:///image/dialog/dialog1.png" />

			<label name="caption" text="您的反馈意见有助于我们完善产品" rect="16,193,213,16" color="#ffffff" h-align="center" v-align="center" />  <!--
			<label name="option1" text="资费太高" rect="40,220,54,16" color="#585858" h-align="left" v-align="center" />
			<label name="option2" text="内容没有特色" rect="140,220,84,16" color="#585858" h-align="left" v-align="center" />
			<label name="option3" text="使用不方便" rect="40,240,64,16" color="#585858" h-align="left" v-align="center" />
			<label name="option4" text="速度太慢" rect="140,240,54,16" color="#585858" h-align="left" v-align="center" />
-->
 <!--four multiple-choice  buttons-->	
				<button name="option-box1" rect="18,223,97,16" OnSelect="optionOnSelect" OnKeyUp="clickCheckbox">
					<image name="normal-img" rect ="0,0,13,13" src="file:///image/dialog/boxunselected.png" visible="true" border="false"/>
					<image name="select-img" rect ="0,0,13,13" src="file:///image/dialog/boxselected.png" visible="false" border="false"/> 					 
					<label name="option1" text="" rect="20,-3,84,16" color="#F472B2" h-align="left" v-align="center" 	/>					
				</button>
			
				<button name="option-box2" rect="120,223,97,16" OnSelect="optionOnSelect" OnKeyUp="clickCheckbox">
					<image name="normal-img" rect ="0,0,13,13" src="file:///image/dialog/boxunselected.png" visible="true" border="false"/>
					<image name="select-img" rect ="0,0,13,13" src="file:///image/dialog/boxselected.png"	visible="false" border="false"/>					   
					<label name="option2" text="" rect="20,-3,84,16" color="#585858" h-align="left" v-align="center"/> 						
				</button>
				
				<button name="option-box3" rect="18,243,97,16" OnSelect="optionOnSelect" OnKeyUp="clickCheckbox">
					<image name="normal-img" rect ="0,0,13,13" src="file:///image/dialog/boxunselected.png" visible="true"/>
					<image name="select-img" rect ="0,0,13,13" src="file:///image/dialog/boxselected.png"	visible="false"/> 
					<label name="option3" text="" rect="20,-3,84,16" color="#585858" h-align="left" v-align="center" />					
				</button>
				
				<button name="option-box4" rect="120,243,97,16" OnSelect="optionOnSelect" OnKeyUp="clickCheckbox">
					<image name="normal-img" rect ="0,0,13,13" src="file:///image/dialog/boxunselected.png" visible="true"/>
					<image name="select-img" rect ="0,0,13,13" src="file:///image/dialog/boxselected.png"	visible="false"/> 	
					<label name="option4" text="" rect="20,-3,84,16" color="#585858" h-align="left" v-align="center" />					
				</button>
<!--ok and cancel buttons for cancelorder-->				
				<button name="order-cancel" rect="73,264,40,27" OnSelect="cancelorderButtonOnSelect" normal="Normal" focus="Selected" OnKeyUp="clickCheckbox">
					<image name="Normal" rect ="0,0,40,27" src="file:///image/dialog/ordercancel_alt.png" visible="true"/>
					<image name="Selected" rect ="0,0,40,27" src="file:///image/dialog/ordercancel.png"	visible="false"/> 						
				</button>	
				
				<button name="cancel" rect="121,264,40,27" OnSelect="cancelButtonOnSelect" normal="Normal" focus="Selected" OnKeyUp="clickCheckbox">
					<image name="Normal" rect ="0,0,40,27" src="file:///image/dialog/cancel.png" visible="false"/>
					<image name="Selected" rect ="0,0,40,27" src="file:///image/dialog/cancel_alt.png" visible="true"/> 	
				</button>	
					
			 
			  <button name="messagepanel-boardup" rect="0,0,240,200" enable="true" OnMouseUp="cancelButtonOnSelect" board="true"/>
		<button name="messagepanel-boarddown" rect="0,297,240,23" enable="true" OnMouseUp="cancelButtonOnSelect" board="true"/>
	<node name="loadingNodeCancel" />  
   </body>
</root>
