﻿<?xml version="1.0" encoding="utf-8"?>
<!--module dialog-->
<!--note 一般界面中的消息提示面板-->
<!--author xf_pan-->
<!--date 2010/05/30-->
<root>
  <header>
		<script src="file://dialog.lua" ></script>
  </header>
  <body BuildChildrenFinished="bodyBuildChildrenFinished" OnPluginEvent="OnPluginEvent" OnSpriteEvent="OnDialogSpriteEvent" >
	<node name="back-scene" rect="0,0,240,320" active="false" enable="false"/>
	<shadow rect="0,0,240,320" alpha="128"  />
    
	<list name="dialog" rect="0,0,240,320" col="1" line="1" current="0">
    	<list-item name="dialog-body" rect="0,320,240,180" OnTick="dialogBodyOnTick">
				<image rect="5,3,230,4" src="file:///image/common/bord1.png" />
				<image name="dialog-area" rect="5,7,230,95" style="tile" src="file:///image/common/bord2.png" />
				<image rect="13,0,214,21" src="file:///image/common/sc_hcqsz.png" />
				<label name="dialog-title" rect="0,2,240,20" h-align="center" color="#F0F0F0" text="这里是标题" />
				<label name="dialog-title2" rect="1,2,240,20" h-align="center" color="#F0F0F0" text="这里是标题" />
				<!--  以下信息根据设置自动调整 -->
				<textarea name="dialog-message" rect="20,30,210,25" h-align="center" color="#1A4A6C" text="" frame="true" line-height="15" loop="true" step="1" top="0"/>
				<button name="ok-button_dilog" rect="60,55,60,40" normal="normal" focus="focus" OnSelect="okButtonOnSelect" OnKeyUp="DialogKeyUp" >
					<node name="normal" rect="0,0,0,23">
						<image name="okbtnImgN" rect="9,7,40,27" src="file:///image/dialog/ok.png" />
					</node>
					<node name="focus" rect="0,0,0,23">
						<image name="okbtnImgF" rect="9,7,40,27" src="file:///image/dialog/ok_alt.png" />
					</node>
				</button>
				<button name="cancel-Button" rect="130,55,60,40" normal="normal" focus="focus" OnSelect="cancelButtonOnSelect"  OnKeyUp="DialogKeyUp">				
					<node name="normal" rect="0,0,0,23">
						<image  name="cancelbtnImgN" rect="9,7,40,27" src="file:///image/dialog/cancel.png" />
					</node>
					<node name="focus" rect="0,0,0,23">
						<image name="cancelbtnImgF" rect="9,7,40,27" src="file:///image/dialog/cancel_alt.png" />
					</node>
				</button>				
			</list-item>
		</list>
  </body>
</root>
