﻿<?xml version="1.0" encoding="utf-8"?>
<root>
  <!--module help-->
  <!--note 正在下载需加载的xml文件-->
  <!--author shenyi-->
  <!--date 2010/06/04-->
	<header />		
	<body>
		<node name="unselect" rect="0,0,212,25">
			<button name="item-smallbutton" rect="5,-5,205,25" normal="buttonNormal" focus="buttonFocus"    OnSelect="itemButtonOnSelect" OnKeyUp="downloadButtonOnKeyUp">
				<node name="buttonNormal" >
					
				</node>
				<node name="buttonFocus" >
					<image  rect="0,0,212,25"  src="file:///image/common/bg_wdxx2_jd.png" />
					
				</node>
			</button>
			<image name="image-select" rect="7,1,16,16" src="file:///image/uploading/ico_3.png" />
			<label name="item-text" h-align="left" rect="22,0,200,19" color="#0B5495" text=""/>
			<button name="item-button" rect="0,0,212,25" OnSelect="itemButtonOnSelect" />
			<image rect="3,22,208,1" src="file:///image/history/fengge.png"/>
		</node>
		<node name="select1" rect="0,0,212,72">
			<image rect="5,0,205,69" src="file:///image/uploading/xiazai_bg2.png" />
			<image name="image-select1" rect="9,4,16,16" src="file:///image/uploading/ico_3.png" />
			<scrolltext name="item-text1" h-align="left" rect="24,3,130,19" color="#ffffff" text="" step="2" scroll="true"/>
			<label name="percent-text" h-align="left" rect="24,21,180,19" color="#ffffff" text=""/>
			<button name="playbutton" rect="168,3,33,19" normal="normal" focus="focus" OnSelect="playButtonOnSelect">
				<node name="normal" >
					<image name="playbg" rect="0,0,33,19" src="file:///image/download/bf2.png" />
					<!--<label rect="4,-2,33,19" text="播放" color="#ffffff" v-align="center" h-align="left"/>-->
					<!--image rect="0,0,33,19" src="file:///image/download/bf2.png" /-->
				</node>
				<node name="focus" >
					<image rect="0,0,33,19" src="file:///image/download/bf1.png" />
					<!--<label rect="4,-2,33,19" text="播放" color="#BE3A76" v-align="center" h-align="left"/>-->
					<!--image rect="0,0,33,19" src="file:///image/download/bf1.png" /-->
				</node>
			</button>						
			<button name="operbutton" rect="168,24,33,19" normal="normal" focus="focus" OnSelect="operButtonOnSelect">
				<node name="normal" >
					<image name="oper-img" rect="0,0,33,19" src="file:///image/download/zt2.png" />
					<!--<label name="oper-label" rect="4,-2,33,19" text="暂停" color="#ffffff" v-align="center" h-align="left"/>-->
				</node>
				<node name="focus" >
					<image name="oper-img1" rect="0,0,33,19" src="file:///image/download/zt1.png" />
					<!--<label name="oper-label1" rect="4,-2,33,19" text="暂停" color="#BE3A76" v-align="center" h-align="left"/>-->
				</node>
			</button>
			<button name="deletebutton" rect="168,45,33,19"  normal="normal" focus="focus" OnSelect="deleteButtonOnSelect">
				<node name="normal" >
					<image rect="0,0,33,19" src="file:///image/download/sc1.png" />
				</node>
				<node name="focus" >
					<image rect="0,0,33,19" src="file:///image/download/sc2.png" />
				</node>
			</button>
			<image rect="3,71,208,1" style="tile" src="file:///image/help/dotline.png"/>
		</node>
		<node name="select2" rect="0,0,212,72">
			<image rect="5,0,205,69" src="file:///image/uploading/xiazai_bg1.png" />
			<scrolltext name="item-text2" h-align="left" rect="24,3,130,19" color="#ffffff" text="" step="2" scroll="true"/>
			<image name="background" rect="12,30,110,13" src="file:///image/uploading/xiazai_jingdu_bg.png"/>  
			<image name="foreground" rect="12,30,0,13" src="file:///image/uploading/xiazai_jingdu_tiao.png"/>
			<label name="curpercent" rect="12,30,110,13" text="" color="#ff0000" v-align="center" h-align="center"/>
			<label name="speed" rect="125,25,45,23" text="" color="#ffffff" v-align="center" h-align="left"/>
			<label name="download-size" rect="12,50,180,25" text="" color="#ffffff"/>
			<button name="playbutton1" rect="168,3,33,19" normal="normal" focus="focus" OnSelect="playButtonOnSelect1">
				<node name="normal" >
					<image name="playbg" rect="0,0,33,19" src="file:///image/download/bf2.png" />
					<!--<label rect="4,-2,33,19" text="播放" color="#ffffff" v-align="center" h-align="left"/>-->
					<!--image rect="0,0,33,19" src="file:///image/download/bf2.png" /-->
				</node>
				<node name="focus" >
					<image rect="0,0,33,19" src="file:///image/download/bf1.png" />
					<!--<label rect="4,-2,33,19" text="播放" color="#BE3A76" v-align="center" h-align="left"/>-->
					<!--image rect="0,0,33,19" src="file:///image/download/bf1.png" /-->
				</node>
			</button>	
			<button name="pausebutton" rect="168,24,33,19" normal="normal" focus="focus" OnSelect="pauseButtonOnSelect">
				<node name="normal" >
					<image name="oper-img" rect="0,0,33,19" src="file:///image/download/zt2.png" />
					<!--<label name="oper-label"  rect="4,-2,33,19" text="暂停" color="#ffffff" v-align="center" h-align="left"/>-->
				</node>
				<node name="focus" >
					<image name="oper-img1" rect="0,0,33,19" src="file:///image/download/zt1.png" />
					<!--<label  name="oper-label1" rect="4,-2,33,19" text="暂停" color="#BE3A76" v-align="center" h-align="left"/>-->
				</node>
			</button>
			<button name="deletebutton1" rect="168,45,33,19" normal="normal" focus="focus" OnSelect="deleteButtonOnSelect1">
				<node name="normal" >
					<image rect="0,0,33,19" src="file:///image/download/sc1.png" />
				</node>
				<node name="focus" >
					<image rect="0,0,33,19" src="file:///image/download/sc2.png" />
				</node>
			</button>
			<image rect="3,71,208,1" style="tile" src="file:///image/help/dotline.png"/>
		</node>		
	</body>
</root>	