﻿<?xml version="1.0" encoding="utf-8"?>
<!--module download_select-->
<!--note 用于下载选择界面的显示-->
<!--author shenyi-->
<!--date 2010/05/30-->
<root>
  <header>
	  <script src="file://download_select.lua" />
  </header>
  <body BuildChildrenFinished="bodyBuildChildrenFinished" OnPluginEvent="OnPluginEvent" OnSpriteEvent="bodyOnSpriteEvent">
	<node name="event" OnSpriteEvent="OnSpriteEvent"/>
	<!--start 背景图-->	
    <node name="background" active="false" enable="false"> 
	  <image name="body" rect="0,28,240,274" src="file:///image/common/background.png" />	
    <image name="caption" rect="0,0,240,28" src="file:///image/common/caption.png" />
	</node>
	<battery-signal rect="0,0,240,28" image-battery="file:///image/common/battery.png" image-signal="file:///image/common/signal.png" image-degree="file:///image/common/degree.png" number-degree="4" position-battery="150,8" position-signal="180,8" position-time="207,8"/>
	<!--end-->
	<list name="download" rect="0,0,240,320" col="1" line="2" current="0">
		<list-item name="program-info-label" rect="0,28,240,32">
			<node active="false" enable="false">
				<image rect="0,0,240,27" style="tile" src="file:///image/common/title_bg.png" />
			</node>
			<list name="info-list" rect="0,0,230,25" col="2" line="1">
				<list-item name="info-pic" rect="7,4,15,16">
					<node active="false" enable="false">
						<image rect="0,0,15,16" src="file:///image/navigation/icon_video.png" />
					</node>
				</list-item>
				<list-item name="info-content" rect="30,4,210,30">
						<scrolltext name="info-content-caption" rect="0,0,210,20" h-align="left" color="#585858" step="2" scroll="true" text="" />
				</list-item>
			</list>
		</list-item>
		<list-item name="download-region" rect="6,58,230,233" frame="true" mushroom="false">
			<node active="false" enable="false">
				<image rect="0,0,230,233" src="file:///image/common/tongyong_1.png" />
			</node>		
			<node name="downreg" rect="0,4,230,233">
				<label name="download-name" rect="13,3,222,25" text="" h-align="left" color="#0"/>
				<label name="download-name1" rect="14,3,222,25" text="" h-align="left" color="#0"/>
				<list name="download-list" rect="0,30,230,223" col="1" line="50" auto-adjust="true">
				</list>
			</node>

			<image name="scrollbar-image" rect="213,3,13,227" src="file:///image/history/scrollbar.png"/>			
			<scrollbar name="scroll" rect="213,17,13,199" style="vert" pos="0" max-size="100" splider="1" bar="splider-bar" OnMouseDown="scrollbarSelect" >
			　　<button name="splider-bar" rect="0,80,0,0">
			　　　　<image name="splider-image" rect="0,0,13,48" src="file:///image/history/splider.png"/>
			　　</button>
			</scrollbar>
			<!--未提取变量，等待确认滚动条是否自动生成-->
		</list-item>	
	</list>
	<node name="loadarea" rect="0,0,240,320">
	</node>	
  </body>
</root>