﻿<?xml version="1.0" encoding="utf-8"?>
<root>
  <!--module download_select-->
  <!--note 下载选择需加载的xml文件-->
  <!--author shenyi-->
  <!--date 2010/05/30-->
	<header />		
	<body>
		<button name="item-button" rect="30,0,180,25" OnSelect="itemButtonSelect"/>
		<image name="backimage" rect="5,0,210,22" src="file:///image/downloadselect/item_normal.png"/>
		<button name="select-button" rect="15,4,13,13" OnSelect="selectButtonOnSelect">
			<image name="select-image" rect="0,0,13,13" src="file:///image/dialog/boxunselected.png"/>
		</button>
		<label name="download-label" rect="38,3,160,22" color= "#0B5495" text="" h-align="left"/>
		<image name="fengge-image" rect="6,23,205,1" style="tile" src="file:///image/help/dotline.png"/>		
	</body>
</root>	