﻿<?xml version="1.0" encoding="utf-8"?>
<root>
  <!--module downloading-->
  <!--note 用于正在下载界面的显示-->
  <!--author shenyi-->
  <!--date 2010/06/04-->
  <header>
	  <script src="file://downloadinginfor.lua" />
  </header>
  <body BuildChildrenFinished="bodyBuildChildrenFinished" 
		OnPluginEvent="OnPluginEvent" OnSpriteEvent="bodyOnSpriteEvent">
	<node name="event" OnSpriteEvent="OnSpriteEvent"/>	
	<image name="body" rect="0,28,240,274" src="file:///image/common/background.png" />
	<image name="caption" rect="0,0,240,28" src="file:///image/common/caption.png" />
	<battery-signal rect="0,0,240,28" image-battery="file:///image/common/battery.png" image-signal="file:///image/common/signal.png" 
					image-degree="file:///image/common/degree.png" number-degree="4" position-battery="150,8" position-signal="180,8" position-time="207,8"/>
	<node name="top-region" rect = "0,28,240,31">	
		<image name="top-image" rect="0,0,240,30" src="file:///image/help/helptop.png" />
		<label name="file-text" rect="18,0,79,30" text="正在下载" color="#226688" v-align="center" h-align="left" />
		<label name="file-text2" rect="19,0,79,30" text="正在下载" color="#226688" v-align="center" h-align="left" />
		<button name="history" rect="100,0,79,30" OnSelect="buttonLocalFileSelect" OnKeyUp="toLocalFiel"/>
		<label name="file-text1" rect="100,0,79,30" text="本地媒体库" color="#CCE6F4" v-align="center" h-align="left" />
	</node>
	<node active="false" enable="false">
			<image rect="5,60,230,233" src="file:///image/common/tongyong_1.png" />
	</node>
	<list-item name="upload-region" rect="5,60,230,233"  frame="true" mushroom="false">		
		<!--start 正在下载列表-->
		<list name="downloading-list" rect="0,10,212,223" col="1" line="200" auto-adjust="true" current="0" >
		</list>
		<!--end-->
	</list-item>	
	<list-item name="failed-tip" rect="0,200,240,180" visible="false" enable="false">
		<image rect="5,3,230,4" src="file:///image/common/bord1.png" />
		<image name="panelarea-adjustable" rect="5,7,230,90" style="tile" src="file:///image/common/bord2.png" />
		<image rect="13,0,214,21" src="file:///image/common/sc_hcqsz.png" />
		<label name="panelarea-title" rect="0,2,240,20" h-align="center" color="#F0F0F0" text="提示" />
		<label name="panelarea-title2" rect="1,2,240,20" h-align="center" color="#F0F0F0" text="提示" />
		<label name="tip" text="下载失败" rect="0,30,240,20" h-align="center" color="#226688"/>
		<button name="ok-button" rect="100,35,240,118" normal="normal" focus="focus" OnSelect="okButtonOnSelect">
			<image name="normal" rect="0,22,40,27" text="确定" src="file:///image/dialog/ok.png" />
			<image name="focus" rect="0,23,40,27" text="确定" src="file:///image/dialog/ok_alt.png" />
		</button>
	</list-item>
	<list-item name="full-tip" rect="0,200,240,180" visible="false" enable="false">
		<image rect="5,3,230,4" src="file:///image/common/bord1.png" />
		<image name="panelarea-adjustable" rect="5,7,230,90" style="tile" src="file:///image/common/bord2.png" />
		<image rect="13,0,214,21" src="file:///image/common/sc_hcqsz.png" />
		<label name="panelarea-title" rect="0,2,240,20" h-align="center" color="#F0F0F0" text="提示" />
		<label name="panelarea-title2" rect="1,2,240,20" h-align="center" color="#F0F0F0" text="提示" />
		<label name="tip" text="磁盘剩余空间容量不足" rect="0,30,240,20" h-align="center" color="#226688"/>
		<!--button name="ok-button" rect="100,35,240,118" normal="normal" focus="focus" OnSelect="okFullButtonOnSelect">
			<image name="normal" rect="0,22,40,27" text="确定" src="file:///image/dialog/ok.png" />
			<image name="focus" rect="0,23,40,27" text="确定" src="file:///image/dialog/ok_alt.png" />
		</button-->
	</list-item>
  </body>
</root>