﻿<?xml version="1.0" encoding="utf-8"?>
<!--module paihang-->
<!--note 用于收藏界面的显示-->
<!--author shenyi-->
<!--date 2010/05/30-->
<root>  
  <header>
	  <script src="file://favorite.lua" />
  </header>
  <body BuildChildrenFinished="bodyBuildChildrenFinished" OnPluginEvent="OnPluginEvent" OnSpriteEvent="bodyOnSpriteEvent">
	<node name="event" OnSpriteEvent="OnSpriteEvent"/>
    <node name="background" active="false" enable="false"> 
	  <image name="body" rect="0,28,240,274" src="file:///image/common/background.png" />
    <image name="caption" rect="0,0,240,28" src="file:///image/common/caption.png" />
	</node>
	<battery-signal rect="0,0,240,28" image-battery="file:///image/common/battery.png" image-signal="file:///image/common/signal.png" image-degree="file:///image/common/degree.png" number-degree="4" position-battery="150,8" position-signal="180,8" position-time="207,8"/>
	<list name="favorite" rect="0,0,240,320" col="1" line="2" current="0">
		<list-item name="top-region" rect="0,28,240,30">
			<node active="false" enable="false">
				<image name="topimage" rect="0,0,240,28" src="file:///image/history/title_bg.png" />
			</node>
			<image rect="5,7,16,16" src="file:///image/favorite/ico_shoucangtiao.png" />
			<label rect="23,7,75,14" h-align="center" color="#0" text="我的收藏夹" />
		</list-item>
		<image rect="4,58,230,233" src="file:///image/common/tongyong_1.png" />
		<list-item name="favorite-region" rect="2,60,230,230" frame="true" mushroom="false">
			<list name="favorite-list" rect="0,3,212,223" col="1" line="50" auto-adjust="true"  current="0">
			</list>
		</list-item>	
	</list>
	<node name="loadarea" rect="0,0,240,320">
	</node>
	<button name="emptybutton" rect="0,0,0,0" OnKeyUp="emptyKeyUp" />
  </body>
</root>