﻿<?xml version="1.0" encoding="utf-8"?>
<!--module favoriteItemList-->
<!--note 收藏列表项-->
<!--author shenyi-->
<!--date 2010/05/30-->
<root>
	<header />		
	<body>
		<node name="unselect" rect="0,0,222,25">
			<button name="item-button" rect="0,-5,205,25" normal="buttonNormal" focus="buttonFocus" OnSelect="itemButtonOnSelect" OnKeyUp="buttonOnKeyUp">
				<node name="buttonNormal" >
				</node>
				<node name="buttonFocus" >
					<image rect="5,0,212,25" src="file:///image/common/bg_wdxx2_jd.png" />
				</node>
			</button>
			<image rect="7,4,11,9" src="file:///image/history/ico_dianing.png" />
			<label name="item-text" h-align="left" rect="22,1,190,19" color="#0B5495" text=""/>
			<image rect="3,19,224,1" style="tile" src="file:///image/common/line.png"/>
		</node>
		<node name="select" rect="0,0,222,55">
			<image rect="5,0,205,45" src="file:///image/favorite/bg_wdsc_jd.png" />
			<scrolltext name="item-text1" h-align="left" rect="24,4,180,19" color="#ffffff" text="" scroll="true"/>
			<button name="enterbutton" rect="140,22,33,19" normal="normal" focus="focus" OnSelect="enterButtonOnSelect" OnKeyUp="buttonOnKeyUp">
				<node name="focus" >
					<image rect="0,0,35,19" src="file:///image/history/jr1.png" />
				</node>
				<node name="normal">
					<image rect="0,0,35,19" src="file:///image/uploadmanage/button2.png" />
					<label rect="5,1,35,19" text="进入" color="#ffffff" />
				</node>
			</button>						
			<button name="playbutton" rect="104,22,33,19" normal="buttonNormal" focus="buttonFocus" OnSelect="playButtonOnSelect" OnKeyUp="buttonOnKeyUp">
				<node name="buttonNormal" >
					<image name="imageNormal" rect="0,0,33,19" src="file:///image/download/bf2.png" />
				</node>
				<node name="buttonFocus" >
					<image name="imageNormal" rect="0,0,33,19" src="file:///image/download/bf1.png" />
				</node>
			</button>
			<button name="detailbutton" rect="140,22,33,19" normal="buttonNormal" focus="buttonFocus" OnSelect="detailButtonOnSelect" OnKeyUp="buttonOnKeyUp">
				<node name="buttonNormal" >
					<image name="imageNormal" rect="0,0,33,19" src="file:///image/download/xq2.png" />
				</node>
				<node name="buttonFocus" >
					<image name="imageNormal" rect="0,0,33,19" src="file:///image/download/xq1.png" />
				</node>
			</button>						
			<button name="deletebutton" rect="176,22,33,19" normal="buttonNormal" focus="buttonFocus" OnSelect="deleteButtonOnSelect" OnKeyUp="buttonOnKeyUp">
				<node name="buttonNormal" >
					<image name="imageNormal" rect="0,0,33,19" src="file:///image/download/sc1.png" />
				</node>
				<node name="buttonFocus" >
					<image name="imageNormal" rect="0,0,33,19" src="file:///image/download/sc2.png" />
				</node>
			</button>			
						
			<image rect="3,46,224,1" style="tile" src="file:///image/help/dotline.png"/>
		</node>
	</body>
</root>	