﻿<?xml version="1.0" encoding="utf-8"?>
<root>
	<header>
		<script src="file://friendsrecommended_detail.lua" />
	</header>
	<body BuildChildrenFinished="bodyBuildChildrenFinished" OnPluginEvent="bodyOnPluginEvent" OnSpriteEvent="bodyOnSpriteEvent" OnSetFocus="button-ok">
		<image name="body" rect="0,28,240,274" src="file:///image/common/background.png" />
		<image name="caption" rect="0,0,240,28" src="file:///image/common/caption.png" />
		<battery-signal rect="0,0,240,28" image-battery="file:///image/common/battery.png" image-signal="file:///image/common/signal.png" image-degree="file:///image/common/degree.png" number-degree="4" position-battery="150,8" position-signal="180,8" position-time="207,8"/>
		
		<image name="title" rect="0,30,240,28" style="tile" src="file:///image/common/title_bg.png" />
		<image name="title_logo" rect="5,35,20,20" src="file:///image/friendrecommend/ico_sjsp.png" />
		<label name="title_txt" rect="25,28,70,28" text="好友推荐" color="#585858" h-align="left" v-align="center"/>  

		<image rect="3,65,234,4" src="file:///image/common/bigboard1.png" />
		<image rect="3,69,234,217" style="tile" src="file:///image/common/bigboard2.png" />
		<image rect="3,285,234,4" src="file:///image/common/bigboard3.png" />

		<list-item name="recommend-introduce" border="false" rect="0,65,240,320">
			<image rect="12,5,24,24" src="file:///image/receive/ico_ydxx.png" />
			<label rect="35,0,60,25" text="节目名称:" color="#585858" h-align="left" v-align="center"/>
			<scrolltext name="content_title" rect="90,7,120,20" text="" scroll="true" color="#585858" h-align="left" v-align="center"/>
			<image name="content_line" rect="12,25,215,1" style="tile" src="file:///image/common/line.png" />

			<image rect="12,30,24,24" src="file:///image/friendrecommend/ico_sjsp.png" />
			<label rect="35,25,75,25" text="推荐人号码:" color="#585858" h-align="left" v-align="center"/>
			<label name="content_phone" rect="105,27,110,20" border="false" text="" color="#585858" h-align="left" v-align="center"/>
			<image name="content_line" rect="12,50,215,1" style="tile" src="file:///image/common/line.png" />

			<image rect="10,57,218,4" src="file:///image/menuprograminfo/small_bord1.png" />
			<image rect="10,61,218,115" style="tile" src="file:///image/menuprograminfo/small_bord2.png" />
			<image rect="10,173,218,5" src="file:///image/menuprograminfo/small_bord3.png" />
			<textarea name="distinct-introduce" frame="true" rect="20,65,200,105" color="#585858" line-height="15" loop="true" step="1" top="0" text="" />
		</list-item>

		<list-item name="item-Buttons" rect="0,250,200,30">		
			<button name="button-ok" rect="100,0,40,27" normal = "okButtonNormal" focus="okButtonFocus" OnSelect="btnOnSelect" OnKeyUp="ButtonKeyUp">                  
				<image name="okButtonNormal" rect="0,0,40,27" src="file:///image/dialog/jr.png" />
				<image name="okButtonFocus" rect="0,0,40,27" src="file:///image/dialog/jr_alt.png" /> 
			</button>
		</list-item>
	<node name="loadarea" rect="0,0,240,320" >
	</node>
	</body>
</root>