<?xml version="1.0" encoding="utf-8"?>
<root>
  <header />
  <body >
		<button name="buttonChangeName" normal="buttonNormal" focus="buttonFocus" rect="0, 0, 34,28" OnSelect="listItemOnSelect" >
			<node name="buttonNormal" rect="0,0,34,28" >
				<image name="buttonNormal1" rect="0,0,34,28" src="file:///image/guidedisconnect/channalnormal.png" />	
				<image name="buttonBigNormal" rect="0, 0, 50, 43" src="file:///image/guidedisconnect/channalfocus.png" visible="false"/>					
			</node>
			<node name="buttonFocus" rect="0, 0, 34, 28" >
				<image name="buttonFocus1" rect="0,0,37,28" src="file:///image/guidedisconnect/channalselected.png" />	
				<image name="buttonBigFocus" rect="0, 0, 50, 43" src="file:///image/guidedisconnect/channalfocus.png" visible="false"/>		
			</node>
			<image name="smallImg" style="center" rect="0,0,34,27" src=""  />
			<image name="selectImg" style="center" rect="0,0,50,23" src=""  />
			<scrolltext name="subjectname" text="" rect="13,24,32,16" color="#ffffff" scroll="true" h-align="center" v-align="center" />			
		</button>		
  </body>
</root>
