<?xml version="1.0" encoding="utf-8"?>
<root>
  <header>
		<script src="file://guide.lua" />
  </header>
  <body BuildChildrenFinished="bodyBuildChildrenFinished" OnPluginEvent="OnPluginEvent" OnSpriteEvent="bodyOnSpriteEvent">
	<node rect="0,0,240,320" enable="false" active="false" >
    <image name="bgImage" rect="0,28,240,320" src="file:///image/common/background.png" />
    <shadow rect="0,0,240,320" alpha="128"  />
    <image name="caption" rect="0,0,240,28" src="file:///image/common/caption.png" />
  </node>
	<battery-signal rect="0,0,240,28" image-battery="file:///image/common/battery.png" image-signal="file:///image/common/signal.png" 
			image-degree="file:///image/common/degree.png" number-degree="4" position-battery="150,8" position-signal="180,8" position-time="207,8"/>
  <button name="recommendBtn" rect="0,28,150,20" normal="recommend_normal" focus="recommend_focus" OnSelect="OnSelectFromRecommendButton" OnKeyUp="recommendKeyUp" >
    <image name="guide-recommend-image" rect="0,0,240,20" src="file:///image/guide/bt_bg.png" />
	  <label name="guide-recommend-label1" rect="12,3,40,20" text="" color="#CCCCCC"  />
	  <label name="guide-recommend-label2" rect="13,3,40,20" text="" color="#CCCCCC"  /><!-- 加粗 -->
	  <node name="recommend_normal" rect="48,3,190,20" frame="true" >
		<scrolltext name="recommend_normal_txt" rect="0,0,190,20" text="" color="#CCCCCC" step="2" scroll="true" />
	  </node>
	  <node name="recommend_focus" rect="48,3,190,20" frame="true" >
		<scrolltext name="recommend_focus_txt" rect="0,0,190,20" text="" color="#F47070" step="2" scroll="true" />
	  </node>
  </button>
  <list name ="guide" rect="0,60,240,240" col="1" line="2" >
    <list-item name="guid-content" rect="-18,0,230,222">
	<list name="guide-content-list" rect="23,0,192,180" col="3" line="3" current="0" start="0" offset="8,5" border="false" 
                          item-size="56,56"
                          item-icon-pos="32,20"
                          item-offset="72,70" >
     	</list>
      <button name="guid-content-left-arrow-button" rect="15,70,13,36" OnSelect="contentListButtonOnSelect" >
      	<image name="guid-content-left-arrow-image" rect="0,0,13,36" visible="false" src="file://image\guide\arrowleft.png" />
      </button>
      <button name="guid-content-right-arrow-button" rect="245,70,13,36" OnSelect="contentListButtonOnSelect" >
      	<image name="guid-content-right-arrow-image" rect="0,0,13,36" visible="false" src="file://image\guide\arrowright.png" />
      </button>
    </list-item>
    <list-item name="guide-channel" rect="3,184,236,50">
    	<node active="false" enable="false">
      	<image rect="0,8,240,42" src="file:///image/guide/jmkuan.png"/>
      </node>
      <list name="guide-channel-list" rect="18,4,200,50" col="5" line="1" current="0" offset="4,0" border="false"
                          item-size="32,32"
                          item-select-size="56,52"
                          item-board-size="4,4"
                          item-select-pos="94,0"
                          >
      </list>
      <button name="guide-channel-left-arrow" rect="0,20,13,36" OnSelect="channelListButtonOnSelect" >
      	<image name="guid-channel-left-arrow-image" rect="0,0,13,36" visible="false" src="file://image/guide/arrowleft.png" />
      </button>
      <button name="guide-channel-right-arrow" rect="222,20,13,36" OnSelect="channelListButtonOnSelect" >
      	<image name="guid-channel-right-arrow-image" rect="0,0,13,36" visible="false" src="file://image/guide/arrowright.png" />
      </button>
    </list-item>
  </list>
	<image name="back-progress" rect ="0,22,0,0" src="file:///image/home/homereload_bg.png" />
	<image name="fore-progress" rect="0,22,0,0" src="file:///image/home/homereload_fc.png" />
  <node name="loadarea" rect="0,0,240,320"></node>
  <button name="defaultGuideBtn" rect="0,0,0,0" OnKeyUp="defaultGuideBtnKeyUp" />
  </body>
</root>
