﻿<?xml version="1.0" encoding="utf-8"?>
<root>
  <!--module bulletin-->
  <!--note 点击操作说明按钮需加载的xml文件-->
  <!--author shenyi-->
  <!--date 2010/05/26-->
	<header />		
	<body>
		<node name = "select" rect = "5,0,218,125">
			<button name="title" rect="0,0,205,25" OnSelect="titleOnSelect" OnKeyUp="helpSelectButtonOnKeyUp">
				<image name="titleBtn" rect="0,0,205,25" style="tile" src="file:///image/help/caption_jiaodian1.png" />						
			</button>
			<image name="icoimg" rect="5,5,14,15"  src="file:///image/help/ico1.png"/>
			<scrolltext name="titleBtnText" rect="28,2,175,21" text="" color="#FFFFFF" v-align="center" h-align="left" frame="true" scroll="true" step="2"/>
			<image name="textBG" rect="0,27,204,98" style="tile" src="file:///image/help/textbg.png" />						
			<textarea name="helpText" rect="3,30,200,95" color="#0" line-height="15" step="1" loop="true" text="" frame="true" />
		</node>
		<node name = "normal" rect = "5,0,218,25">
			<button name="title1" rect="0,0,205,25"  normal="titleBtn1" focus="titleBtn2" OnSelect="titleOnSelect1" OnKeyUp="helpNormalButtonOnKeyUp">
				<image name="titleBtn1" rect="0,0,205,25" style="tile" src="file:///image/help/caption_back1.png" />						
				<image name="titleBtn2" rect="0,0,205,25" style="tile" src="file:///image/help/caption_jiaodian1.png" />		
			</button>
			<image name="icoimg" rect="5,5,14,15"  src="file:///image/help/ico1b.png"/>
			<scrolltext name="titleBtnText1" rect="28,6,175,21" text="" color="#0" v-align="center" h-align="left" frame="true" scroll="true" step="2"/>		
		</node>
	</body>
</root>		