<?xml version="1.0" encoding="utf-8"?>
<Root>
<List>
<Item name="HELP_INFO_PATH" value="help\" />
<Item name="HELP_OPERATION_FAVORITE" value="operation_favorite.txt" />
<Item name="HELP_OPERATION_LIVE" value="operation_live.txt" />
<Item name="HELP_OPERATION_CONTROL" value="operation_control.txt" />
<Item name="HELP_OPERATION_COMMEND" value="operation_commend.txt" />
<Item name="HELP_OPERATION_BOOK" value="operation_book.txt" />
<Item name="HELP_OPERATION_HOT" value="operation_hot.txt" />
<Item name="HELP_OPERATION_VIEW" value="operation_view.txt" />
<Item name="HELP_ABOUT" value="about.txt" />
<Item name="HELP_OPERATION_SET" value="operation_set.txt" />
<Item name="HELP_OPERATION_ORDER" value="operation_order.txt" />
<Item name="HELP_INTRO_SPECIAL" value="intro_special.txt" />
<Item name="HELP_OPERATION_HUDONG" value="operation_hudong.txt" />
<Item name="HELP_OPERATION_UPLOAD" value="operation_upload.txt" />
<Item name="HELP_INTRO_FREE" value="intro_free.txt" />
<Item name="HELP_OPERATION_REG" value="operation_reg.txt" />
<Item name="HELP_INTRO_FEES" value="intro_fees.txt" />
<Item name="HELP_OPERATION_VIDEO" value="operation_video.txt" />
<Item name="HELP_OPERATION_LOGIN" value="operation_login.txt" />
<Item name="HELP_INTRO_CATEGORY" value="intro_category.txt" />
<Item name="HELP_OPERATION_HISTORY" value="operation_history.txt" />
<Item name="HELP_OPERATION_EXIT" value="operation_exit.txt" />
<Item name="HELP_INTRO_BRAND" value="intro_brand.txt" />
<Item name="HELP_INTRO" value="intro.txt" />
<Item name="HELP_OPERATION_HOTKEY" value="operation_hotkey.txt" />
<Item name="HELP_INTRO_TOPTEN" value="intro_topten.txt" />
<Item name="HELP_OPERATION_PLAY" value="operation_play.txt" />
<Item name="HELP_OPERATION_SEARCH" value="operation_search.txt" />
<Item name="HELP_OPERATION_BUllETIN" value="operation_bulletin.txt" />
</List>
</Root>
