﻿<?xml version="1.0" encoding="utf-8"?>
<!--module help-->
<!--note 点击操作说明按钮需加载的xml文件-->
<!--author shenyi-->
<!--date 2010/05/26-->
<root>
	<header />		
	<body>
		<node active="false" enable="false">
			<image rect="0,0,230,233" style="tile" src="file:///image/common/tongyong_1.png" />
		</node>	
		<list name="help-list" rect="0,0,230,233" col="2" line="1" frame="true">
			<list-item name="left-part" rect="0,0,450,233">
				<!--start 登录，注册和快捷键设置三个选择按钮-->
				<list name="menu-list" rect="0,0,210,72" col="1" line="3">
					<list-item name="entry" rect="0,0,210,22">
						<node active="false" enable="false">
							<image name="entry-image" rect="10,12,15,15" src="file:///image/help/ico1.png" />
						</node>
						<button name="entry-button" rect="32,10,180,18" OnSelect="entryButtonOnSelect"/>
						<label name="entry-text" rect="32,10,180,18" text="登录" color="#ff0000" v-align="center" h-align="left" />
					</list-item>
					<list-item name="login" rect="0,22,210,22">
						<node active="false" enable="false">
							<image name="login-image" rect="10,12,15,15" src="file:///image/help/ico1b.png" />
						</node>
						<button name="login-button" rect="32,10,180,18" OnSelect="loginButtonOnSelect"/>
						<label name="login-text" rect="32,10,180,18" text="注册" color="#4488dd" v-align="center" h-align="left" />
					</list-item>
					<list-item name="hotkey" rect="0,44,210,22">
						<node active="false" enable="false">
							<image name="hotkey-image" rect="10,12,15,15" src="file:///image/help/ico1b.png" />
						</node>
						<button name="hotkey-button" rect="32,10,180,18" OnSelect="hotkeyButtonOnSelect"/>
						<label name="hotkey-text" rect="32,10,180,18" text="快捷键设置" color="#4488dd" v-align="center" h-align="left" />
					</list-item>					
				</list>
				<image rect="3,75,224,1" style="tile" src="file:///image/help/dotline.png"/>
				<!--end-->
				<!--start 显示帮助文本的区域-->
				<list name="open-content" rect="0,79,210,375" col="1" line="3">
					<list-item name="entry-caption" rect="5,0,205,21" >
						<button name="entrybutton1" rect="0,0,205,21" OnSelect="entrybutton1OnSelect">
							<image name="caption-image" rect="0,0,205,21"  src="file:///image/help/bz_list_bg.png" />
						</button>
						<label name="caption-text" rect="28,0,150,21" text="登录" color="#004488" v-align="center" h-align="left" />
						<textarea name="entry-content" rect="0,23,200,100" color="#0" line-height="15" step="1" loop="false" text="" frame="true"/>
					</list-item>
					<list-item name="login-caption" rect="5,125,205,21" >
						<button name="loginbutton1" rect="0,0,205,21" OnSelect="loginbutton1OnSelect">
							<image name="login-image" rect="0,0,205,21"  src="file:///image/help/bz_list_bg.png" />
						</button>
						<label name="login-text" rect="28,0,150,21" text="注册" color="#004488" v-align="center" h-align="left" />
						<textarea name="login-content" rect="0,23,200,100" color="#0" line-height="15" step="1" loop="false" text=""/>
					</list-item>		
					<list-item name="hotkey-caption" rect="5,250,205,21" >
						<button name="hotkeybutton1" rect="0,0,205,21" OnSelect="hotkeybutton1OnSelect">
							<image name="hotkey-image" rect="0,0,205,21"  src="file:///image/help/bz_list_bg.png" />
						</button>
						<label name="hotkey-text" rect="28,0,150,21" text="快捷键设置" color="#004488" v-align="center" h-align="left" />
						<textarea name="hotkey-content" rect="0,23,200,100" color="#0" line-height="15" step="1" loop="true" text=""/>
					</list-item>							
				</list>
				<!--end-->
			</list-item>
		</list>
	</body>
</root>	
	