﻿<?xml version="1.0" encoding="utf-8"?>
<root>
  <!--module help-->
  <!--note 用于帮助界面的显示-->
  <!--author shenyi-->
  <!--date 2010/05/26-->
  <header>
	  <script src="file://help.lua" />
  </header>
  <body BuildChildrenFinished="bodyBuildChildrenFinished" 
		OnPluginEvent="OnPluginEvent" 
		OnSpriteEvent="OnSpriteEvent2">
	<node active="false" enable="false">
		<image name="body" rect="0,28,240,274" src="file:///image/common/background.png" />
		<image name="caption" rect="0,0,240,28" src="file:///image/common/caption.png" />
	</node>	
	<battery-signal rect="0,0,240,28" image-battery="file:///image/common/battery.png" image-signal="file:///image/common/signal.png" 
					image-degree="file:///image/common/degree.png" number-degree="4" position-battery="150,8" position-signal="180,8" position-time="207,8"/>		

	<list name="help"  rect="0,0,240,320" col="1" line="2" current="0">
		<list-item name="top-region" rect="0,28,240,30">
			<node active="false" enable="false">
				<image name="top-image" rect="0,0,240,30" src="file:///image/help/title_bg1.png" />
				
			</node>				
			<list name="top-list" rect="0,0,240,30" col="4" line="1">
				<!--start 操作说明按钮 -->
				<list-item name="operation" rect="9,2,57,30">
					<button name="operButton" rect="0,0,57,30" OnSelect="operButtonOnSelect" OnKeyUp="topListButtonOnKeyUp"/>
					<image name="operImg" rect="0,0,57,29" src="file:///image/help/bt_czsm_bg1.png"/>
					<label name="opertext" rect="0,0,57,30" text="使用帮助" color="#0B5495" v-align="center" h-align="center" />
				</list-item>
				<!--end-->
				<!--start 功能介绍按钮 -->
				<list-item name="function" rect="68,2,57,30">
					<button name="funcButton" rect="0,0,57,30" OnSelect="funcButtonOnSelect" OnKeyUp="topListButtonOnKeyUp"/>
					<image name="funcImg" rect="0,0,57,29" src="file:///image/help/bt_czsm_bg1.png"/>						
					<label name="functext" rect="0,0,57,30" text="业务介绍" color="#CCE6F4" v-align="center" h-align="center" />				
				</list-item>
				<!--end-->
				<!--start 关于按钮 -->
				<list-item name="concern" rect="125,2,57,30">
					<button name="concButton" rect="0,0,57,30" OnSelect="concButtonOnSelect" OnKeyUp="topListButtonOnKeyUp"/>				
					<image name="concImg" rect="0,0,57,29" src="file:///image/help/bt_czsm_bg1.png"/>	
					<label name="conctext" rect="0,0,57,30" text="关于" color="#CCE6F4" v-align="center" h-align="center" />						
				</list-item>
				<!--end-->
				<!--start 回顶部按钮 -->
				<list-item name="backtop" rect="188,8,47,18">
					<button name="backtopbutton" rect="0,0,47,18" normal="backtopNormal" focus="backtopFocus" OnSelect = "backtopButtonOnSelect" OnKeyUp="backtopOnKeyUp" visible="false" enable="false" >
						<image name="backtopNormal" rect="0,0,47,18" src="file:///image/help/ico_back.png" />
					    <image name="backtopFocus" rect="0,0,47,18" src="file:///image/help/ico_back2.png" />
					</button>
				</list-item>
				<!--end-->
			</list>
		</list-item>
		<image rect="4,60,230,233" src="file:///image/common/tongyong_1.png" />
		<list-item name="help-region" rect="4,62,226,229" frame="true" mushroom="false">
			<list name="help-list" rect="0,4,230,700" col="1" line="20" auto-adjust="true"/>	
		</list-item>
	</list>
  </body>
</root>
