﻿<?xml version="1.0" encoding="utf-8"?>
<!--module history-->
<!--note 用于排行榜界面的显示-->
<!--author shenyi-->
<!--date 2010/05/27-->
<root>
	<header>
		<script src="file://history.lua" />
	</header>
	<body BuildChildrenFinished="bodyBuildChildrenFinished" OnPluginEvent="OnPluginEvent" OnSpriteEvent="bodyOnSpriteEvent">
	<node name="event" OnSpriteEvent="OnSpriteEvent"/>
	<!--start 背景图-->	
	<node name="background" active="false" enable="false"> 
		<image name="body" rect="0,28,240,274" src="file:///image/common/background.png" />
		<image name="caption" rect="0,0,240,28" src="file:///image/common/caption.png" />
	</node>

	<battery-signal rect="0,0,240,28" image-battery="file:///image/common/battery.png" image-signal="file:///image/common/signal.png" 
					image-degree="file:///image/common/degree.png" number-degree="4" position-battery="150,8" position-signal="180,8" position-time="207,8"/>
	<!--end-->	
	<button name="emptybutton" rect="0,0,0,0" OnKeyUp="emptyKeyUp" />
	<list name="history" rect="0,0,240,320" col="1" line="2" current="0">
		<list-item name="top-region" rect="0,26,240,30">
			<!--start 顶端背景图-->
			<node active="false" enable="false">
				<image name="topimage" rect="0,0,240,28" src="file:///image/history/title_bg.png" />
			</node>			
			<!--end-->
			<image rect="5,7,14,15" src="file:///image/history/ico_lsjl.png" />
			<label rect="22,7,52,14" h-align="center" color="#0" text="历史记录" />
			<button name="clearButton" rect="200,5,33,19" normal="normal" focus="focus" OnSelect="clearButtonOnSelect" OnKeyUp="clearButtonKeyUp">
				<node name="normal" rect="0,0,33,19">
					<image name="normal-image" rect="0,0,33,19" src="file:///image/history/bt_qk.png" />
					<label name="disable-text" rect="3,3,33,19" text="" color="#FFFFFF"/>
				</node>
				<node name="focus" rect="0,0,33,19">
					<image rect="0,0,33,19" src="file:///image/history/bt_qk2.png" />
				</node>
			</button>
		</list-item>
		<list-item name="history-region" rect="4,58,230,233" frame="true" mushroom="false">
			<node active="false" enable="false">
				<image rect="0,0,230,233" src="file:///image/common/tongyong_1.png" />
			</node>			
			<!--start 历史列表-->
				<list name="history-list" rect="5,5,212,223" col="1" line="50" auto-adjust="true" current="0">
				</list>
			<!--end-->
		</list-item>	
	</list>
	<node name="loadarea" rect="0,0,240,320">
	</node>
  </body>
</root>