﻿<?xml version="1.0" encoding="utf-8"?>
<root>
  <!--module help-->
  <!--note 历史列表需加载的xml文件-->
  <!--author shenyi-->
  <!--date 2010/05/28-->
	<header />		
	<body>
		<node name="unselect" rect="0,0,222,25">
			<button name="item-button" rect="0,0,205,25" normal="buttonNormal" focus="buttonFocus"    OnSelect="itemButtonOnSelect" OnKeyUp="buttonOnKeyUp">
				<node name="buttonNormal" >
					
				</node>
				<node name="buttonFocus" >
					<image  rect="0,0,208,25"  src="file:///image/common/bg_wdxx2_jd.png" />
				</node>
			</button>
			<image rect="7,8,11,9" src="file:///image/history/ico_dianing.png" />
			<label name="item-text" h-align="left" rect="22,6,200,19" postfix="..." color="#0B5495" text=""/>
		
			<image rect="3,25,224,1" src="file:///image/history/fengge.png"/>
		</node>
		<node name="select" rect="0,0,222,48">
			<image rect="5,0,205,45" src="file:///image/history/lsgl_bg.png" />
			<scrolltext name="item-text1" h-align="left" rect="24,3,195,19" color="#ffffff" text="" scroll="true"/>
			<label name="item-time" h-align="center" rect="28,24,72,15" color="#ffffff" text="2010-01-08"/>
						
		    <button name="playbutton" rect="103,22,33,19" normal="buttonNormal" focus="buttonFocus" OnSelect="playButtonOnSelect" OnKeyUp="buttonOnKeyUp">
				<node name="buttonNormal" >
					<image name="imageNormal" rect="0,0,33,19" src="file:///image/download/bf2.png" />
				</node>
				<node name="buttonFocus" >
					<image name="imageNormal" rect="0,0,33,19" src="file:///image/download/bf1.png" />
				</node>
			</button>
		    <button name="detailbutton" rect="140,22,33,19" normal="buttonNormal" focus="buttonFocus" OnSelect="detailButtonOnSelect" OnKeyUp="buttonOnKeyUp">
				<node name="buttonNormal" >
					<image name="imagexq2" rect="0,0,33,19" src="file:///image/download/xq2.png" />
					<label name="detaildis" rect="3,3,33,19" text="" color="#ffffff"/>
				</node>
				<node name="buttonFocus" >
					<image name="imageNormal" rect="0,0,33,19" src="file:///image/download/xq1.png" />
				</node>
			</button>						
		    <button name="delete" rect="176,22,33,19" normal="buttonNormal" focus="buttonFocus" OnSelect="deleteButtonOnSelect" OnKeyUp="buttonOnKeyUp">
				<node name="buttonNormal" >
					<image name="imageNormal" rect="0,0,33,19" src="file:///image/download/sc1.png" />
				</node>
				<node name="buttonFocus" >
					<image name="imageNormal" rect="0,0,33,19" src="file:///image/download/sc2.png" />
				</node>
			</button>
			
					
			<image rect="3,46,224,1" src="file:///image/history/fengge.png"/>
		</node>
	</body>
</root>	