﻿<?xml version="1.0" encoding="utf-8"?>
<root>
	<header>
		<script src="file://home.lua" />
	</header>
	<body BuildChildrenFinished="bodyBuildChildrenFinished" OnPluginEvent="OnPluginEvent" OnSpriteEvent="bodyOnSpriteEvent">
	<node rect="0,0,240,320" enable="false" active="true" >
    <image name="bgImage" rect="0,28,240,320" src="file:///image/common/background.png" />
    <image name="caption" rect="0,0,240,28" src="file:///image/common/caption.png" />
    <battery-signal rect="0,0,240,28" image-battery="file:///image/common/battery.png" image-signal="file:///image/common/signal.png" image-degree="file:///image/common/degree.png" number-degree="4" position-battery="150,8" position-signal="180,8" position-time="207,8"/>
	</node>
	<list name="home"  rect="0,0,0,0" col="1" line="5" current="0" >
    <list-item name="search-region" rect="0,28,240,54">
			<node active="false" enable="false">
				<image rect="0,0,240,54" style="tile" src="file:///image/home/search-bg.png" />
			</node>
			<list name="search-list" rect="0,4,230,25" col="2" line="1">
				<list-item name="search-box" rect="8,0,191,26" frame="true">
					<button name="searchButton1" rect="0,3,191,26" normal="searchEditNormal" focus="searchEditFocus"  mushroom="true" >
						<image name="searchEditNormal" rect="0,0,191,26" src="file:///image/home/searchframe.png" />
						<image name="searchEditFocus" rect="0,0,191,26" src="file:///image/home/searchframesel.png" />
						<edit name="edit-text" rect="22,0,166,23" title="输入搜索内容" text="" color="#004070" v-align="center" h-align="left" OnTextChanged="editTextOnTextChanged" OnKeyUp="homeCreateButtonSearchRegionKeyUp" max-size="12" />
					</button>
				</list-item>
				<list-item name="search-button" rect="199,3,39,23" >
					<button name="searchButton2" rect="0,0,39,23" normal="searchButtonNormal" focus="searchButtonFocus" OnSelect="searchButtonOnSelect" OnKeyUp="homeCreateButtonSearchRegionKeyUp" >
						<image name="searchButtonNormal" rect="0,0,39,23" src="file:///image/home/search-bt.png" />
						<image name="searchButtonFocus" rect="0,1,39,23" src="file:///image/home/search-bt2.png" />
					</button>
				</list-item>
			</list>
		</list-item>
		<list-item name="hot-keywords" rect="10,57,240,54">
			<list name="hot-keywordslist" rect="0,0,240,22" line="1" >
			</list>
		</list-item>
		<node name="scapegoat"></node>
	</list>
	<node name="progress_node" visible="false">
		<image name="homereload_bg" rect="0,28,0,6" src="file:///image/home/homereload_bg.png" />
		<image name="homereload_fc" rect="0,28,0,6" src="file:///image/home/homereload_fc.png" />
	</node>
  </body>
</root>
