﻿<?xml version="1.0" encoding="utf-8"?>
<root>
  <header />
  <body >
		<button name="buttonChangeName" normal="buttonNormal" focus="buttonFocus" rect="0, 0, 47, 43" >
			<node name="buttonNormal" rect="0,0,47,43" >
				<image name="buttonNormal" rect="0,0,47,43" src="file:///image/homedisconnect/channalnormal.png" />
				<scrolltext name="textNormal" rect="12,26,28,18" h-align="left" color="#004070" text="" step="2" scroll="true"/>
			</node>
			<node name="buttonFocus" rect="0,0,47,43" >
				<image name="buttonFocus" rect="0,0,47,43" src="file:///image/homedisconnect/channalselected.png" />
				<scrolltext name="textFocus" rect="12,26,28,18" h-align="left" color="#ffffff" text="" step="2" scroll="true"/>
			</node>
			<image name="smallImg" rect="15,3,17,17" src="" />
		</button>
  </body>
</root>

