<?xml version="1.0" encoding="utf-8"?>
<root>
  <header />
  <body >
		<button name="buttonChangeName" normal="buttonNormal" focus="buttonFocus" rect="0, 0, 42, 27">
			<node name="buttonNormal" rect="-1, 0, 42, 27">
				<image name="buttonNormal" rect="0,0,38,27" src="file:///image/homedisconnect/subjectnormal.png" />
				<scrolltext name="textNormal" rect="5,4,36,27" h-align="center" v-align="center" color="#ffffff" text="" step="2" scroll="true" />
				<scrolltext name="textNormal2" rect="6,4,36,27" h-align="center" v-align="center" color="#ffffff" text="" step="2" scroll="true" />
			</node>
			<node name="buttonFocus" rect="-3, -2, 42, 27">
				<image name="buttonFocus" rect="0,0,42,27" src="file:///image/homedisconnect/subjectselected.png" />
				<scrolltext name="textFocus" rect="7,5,36,27" h-align="center" v-align="center" color="#ffffff" text="" step="2" scroll="true"/>
				<scrolltext name="textFocus2" rect="8,5,36,27" h-align="center" v-align="center" color="#ffffff" text="" step="2" scroll="true"/>
			</node>
			<image name="smallImg" src=""/>
		</button>
  </body>
</root>
