<?xml version="1.0" encoding="utf-8"?>
<root>
  <header />
  <body >
		<button name="buttonChangeName" normal="buttonNormal" focus="buttonFocus" rect="0, 0, 68, 27">
			<node name="buttonNormal" rect="0,0,68,27">
				<image name="buttonNormal" rect="0,0,64,25" src="file:///image/homedisconnect/partnersnormal.png" />
			</node>
			<node name="buttonFocus" rect="0,0,68,27">
				<image name="buttonFocus" rect="0,0,64,25" src="file:///image/homedisconnect/partnersselected.png" />
			</node>
			<image name="smallImg" rect="4,4,56,17" src=""/>
		</button>
  </body>
</root>

