<?xml version="1.0" encoding="utf-8"?>
<root>
	<header>
	</header>
	<body >
			<node active="false" enable="false">
	          <image rect="5,0,230,35" src="file:///image/home/boredbg1.png" />
	        </node>
			<list name="subject-list" border="0" rect="18,6,206,32" line="1" col="5" auto-adjust="true" offset="2,0" >
			</list>
			<button name="subject-left-button" rect="2,3,18,35"  OnSelect="subjectButtonOnSelect" >
				<image name="subject-left-disable-image" rect="0,0,14,29" src="file:///image/common/btgdleftdisable.png" />
				<image name="subject-left-enable-image" rect="0,0,14,29" visible="false" src="file:///image/common/btgdleftable.png" />
			</button>
			<button name="subject-right-button" rect="224,3,18,35"  OnSelect="subjectButtonOnSelect" >
				<image name="subject-right-disable-image" rect="0,0,14,29" src="file:///image/common/btgdrightdisable.png" />
				<image name="subject-right-enable-image" rect="0,0,14,29" visible="false" src="file:///image/common/btgdrightable.png" />
			</button>		
  </body>
</root>
