<?xml version="1.0" encoding="utf-8"?>
<root>
	<header>
	</header>
	<body >
			<node active="false" enable="false">
          		<image rect="5,0,230,63" src="file:///image/home/boredbg3.png" />
        	</node>
			<list name="pair-list" rect="17,4,206,58" line="2" col="3" auto-adjust="true" offset="3,3" border="false" >
			</list>
			<button name="pair-left-button" rect="2,14,18,37"   OnSelect="pairButtonOnSelect">
				<image name="pair-left-disable-image" rect="0,0,14,29" src="file:///image/common/btgdleftdisable.png" />
				<image name="pair-left-enable-image" rect="0,0,14,29" visible="false" src="file:///image/common/btgdleftable.png" />
			</button>
			<button name="pair-right-button" rect="224,14,18,37" normal="pair-right-enable-image" focus="pair-right-enable-image-focus" OnSelect="pairButtonOnSelect" >
				<image name="pair-right-disable-image" rect="0,0,14,29" src="file:///image/common/btgdrightdisable.png" />
				<image name="pair-right-enable-image" rect="0,0,14,29" visible="false" src="file:///image/common/btgdrightable.png" />
			</button>
  </body>
</root>
