<?xml version="1.0" encoding="utf-8"?>
<root>
	<header>
	</header>
	<body >
		   <node active="false" enable="false">
	<image rect="5,0,230,100" src="file:///image/home/boredbg2.png" />
	        </node>
		   <node name="channel133213" rect="20,5,203,90" frame="true" mushroom="false">
				<list name="channel-list" rect="0,0,206,86" line="2" col="4" auto-adjust="true" offset="4,4" border="false" >
				</list>
			</node>
			<button name="channel-left-button" rect="2,32,18,35"  OnSelect="channelButtonOnSelect" >
				<image name="channel-left-disable-image" rect="0,0,14,29" src="file:///image/common/btgdleftdisable.png" />
				<image name="channel-left-enable-image" rect="0,0,14,29" visible="false" src="file:///image/common/btgdleftable.png" />
			</button>
			<button name="channel-right-button" rect="224,32,18,35"  OnSelect="channelButtonOnSelect" >
				<image name="channel-right-disable-image" rect="0,0,14,29" src="file:///image/common/btgdrightdisable.png" />
				<image name="channel-right-enable-image" rect="0,0,14,29" visible="false" src="file:///image/common/btgdrightable.png" />
			</button>		
  </body>
</root>
