﻿<?xml version="1.0" encoding="utf-8"?>
<root>
<!--module dialog-->
<!--note 一般界面中的消息提示面板-->
<!--author xf_pan-->
<!--date 2010/05/30-->
  <header>
		<script src="file://keydialog.lua" ></script>
  </header>
  <body BuildChildrenFinished="bodyBuildChildrenFinished" OnPluginEvent="OnPluginEvent" >
	<node name="back-scene" rect="0,0,240,320" active="false" enable="false"/>
	<shadow rect="0,0,240,320" alpha="128"  />
    <button name="empBtn" rect = "20,30,210,50" OnSelect="okButtonOnSelect" OnKeyUp = "empBtnOnKeyUp"/>
	<list name="dialog" rect="0,0,240,320" col="1" line="1" current="0">
    	<list-item name="dialog-body" rect="0,320,240,180" OnTick="dialogBodyOnTick">
				<image rect="5,3,230,4" src="file:///image/common/bord1.png" />
				<image name="dialog-area" rect="5,7,230,95" style="tile" src="file:///image/common/bord2.png" />
				<!--<image name="dialog-area" rect="0,100,240,23" style="tile" src="file:///image/MenuBottom/dialog-bg.PNG" />-->
				<image rect="13,0,214,21" src="file:///image/common/sc_hcqsz.png" />
				<label name="dialog-title" rect="0,2,240,20" h-align="center" color="#F0F0F0" text="这里是标题" />
				<label name="dialog-title2" rect="1,2,240,20" h-align="center" color="#F0F0F0" text="这里是标题" />
				<!--  以下信息根据设置自动调整 -->
				<label name="dialog-message" rect="20,30,210,40" h-align="center" color="#1A4A6C" text="" frame="true" line-height="15" loop="true" step="1" top="0"/>
				<button name="ok-button" rect="5,7,240,118" normal="normal" focus="focus" OnSelect="okButtonOnSelect" OnKeyUp="okButtonOnkeyUp" >
					<node name="normal" rect="0,0,0,23">
						<label name="okbtnImgN" rect="0,22,40,27" text="确定" color="#FFFFFF" />
					</node>
					<node name="focus" rect="0,0,0,23">
						<label name="okbtnImgF" rect="1,23,40,27" text="确定" color="#FF0000"/>
					</node>
				</button>
				<button name="cancel-button" rect="200,80,60,40" normal="normal" focus="focus" OnSelect="cancelButtonOnSelect">
					<node name="normal" rect="0,0,0,23">
						<label name="cancelbtnImgN" rect="0,22,40,27" text="取消" color="#FFFFFF" />
						<image name="normal" rect="0,20,40,23" src="file:///image/menubottom/foot_bt6a.png"/>
  			
					</node>
					<node name="focus" rect="0,0,0,23">
						<label name="cancelbtnImgF" rect="1,23,40,27" text="取消" color="#FF0000"/>
						<image name="focus" rect="0,20,40,23" src="file:///image/menubottom/foot_bt6b.png"/>
					</node>
				</button>		
			</list-item>
		</list>
  </body>
</root>
