﻿<?xml version="1.0" encoding="utf-8"?>
<root>
  <header />
  <body >
    <!--<list-item name="subject-1" rect="20,13,40,27" >-->
		<button name="keywordButton" rect="0,0,20,25" focus="keywordButtonFocus" OnSelect="searchKeywordButtonOnSelect" >
	    	<label name="keywordslistLabel" rect="0,0,20,25" text="" color="#004070" h-align="left" v-align="center" />
        	<node name="keywordButtonFocus" >
			<!--
        		<image name="keywordslist-image-left" rect="0,2,4,20" src="file://image/home/keywords-board1.png" />
        		<image name="keywordslist-image-center" rect="4,2,1,20" src="file://image/home/keywords-board2.png" style="tile" />
        		<image name="keywordslist-image-right" rect="5,2,4,20" src="file://image/home/keywords-board3.png" />
			-->
        		<label name="keywordslistLabelFocus" rect="0,0,20,20" text="" color="#ff0000" h-align="left" v-align="center" />
         	</node>
		</button>
	<!--</list-item>-->
  </body>
</root>
