﻿<?xml version="1.0" encoding="utf-8"?>
<root>
  <header>
	<script src="file://loading_.lua"></script>
  </header>
  <body>
	<node name="loading" rect="0,0,240,320">
		<shadow rect="0,0,240,320" alpha="128" color="#000000"/>
		<node name="back-groud" rect="0,0,240,320" active="false" enable="false"/>	
		<animate rect="95,135,50,50" delay="12" loop="true">
		  <animate-frame start="0" delay="1">
			<image rect="0,0,50,50" src="file:///image/common/loader01.png" />
		  </animate-frame>
		  <animate-frame start="1" delay="1">
			<image rect="0,0,50,50" src="file:///image/common/loader02.png" />
		  </animate-frame>
		  <animate-frame start="2" delay="1">
			<image rect="0,0,50,50" src="file:///image/common/loader03.png" />
		  </animate-frame>
		  <animate-frame start="3" delay="1">
			<image rect="0,0,50,50" src="file:///image/common/loader04.png" />
		  </animate-frame>
		  <animate-frame start="4" delay="1">
			<image rect="0,0,50,50" src="file:///image/common/loader05.png" />
		  </animate-frame>
		  <animate-frame start="5" delay="1">
			<image rect="0,0,50,50" src="file:///image/common/loader06.png" />
		  </animate-frame>
		  <animate-frame start="6" delay="1">
			<image rect="0,0,50,50" src="file:///image/common/loader07.png" />
		  </animate-frame>
		  <animate-frame start="7" delay="1">
			<image rect="0,0,50,50" src="file:///image/common/loader08.png" />
		  </animate-frame>
		  <animate-frame start="8" delay="1">
			<image rect="0,0,50,50" src="file:///image/common/loader09.png" />
		  </animate-frame>
		  <animate-frame start="9" delay="1">
			<image rect="0,0,50,50" src="file:///image/common/loader10.png" />
		  </animate-frame>
		  <animate-frame start="10" delay="1">
			<image rect="0,0,50,50" src="file:///image/common/loader11.png" />
		  </animate-frame>
		  <animate-frame start="11" delay="1">
			<image rect="0,0,50,50" src="file:///image/common/loader12.png" />
		  </animate-frame>
		</animate>
	</node>
  </body>
</root>
