﻿<?xml version="1.0" encoding="utf-8"?>
<root>
<!--module LocalFile-->
<!--note 本地媒体库-->
<!--author chenzhongjie-->
<!--date 2010/05/26-->
  <header>
    <script src="file://localfile.lua" />
  </header>
  <body BuildChildrenFinished="bodyBuildChildrenFinished" OnPluginEvent="OnPluginEvent" OnSpriteEvent="OnSpriteEvent2">
	<node name="event" OnSpriteEvent="OnSpriteEvent_LocalFile" />
    <list name="LocalFile"  rect="0,0,240,160" col="1" line="6" current="0">
    <image name="body" rect="0,28,240,274" src="file:///image/common/background.png" />
		<image name="caption" rect="0,0,240,28" src="file:///image/common/caption.png" />
		<battery-signal rect="0,0,240,28" image-battery="file:///image/common/battery.png" image-signal="file:///image/common/signal.png" 
					image-degree="file:///image/common/degree.png" number-degree="4" position-battery="150,8" position-signal="180,8" position-time="207,8"/>
      <!--start 标题-->
    <list-item name="item-title" rect="0,28,240,30">
			<image name="top-image" rect="0,0,240,30" src="file:///image/help/helptop1.png" />
			<label name="file-text" rect="18,0,79,30" text="正在下载" color="#CCE6F4" v-align="center" h-align="left" />
			<button name="buttonDownloadingBrowse" rect="18,0,79,30" OnSelect="buttonDownloadingBrowseOnSelect"/>
			<label name="file-text1" rect="97,0,79,30" text="本地媒体库" color="#226688" v-align="center" h-align="left" />
			<label name="file-text2" rect="98,0,79,30" text="本地媒体库" color="#226688" v-align="center" h-align="left" />    
      </list-item>     
      <!--end 标题-->
      <list-item name="item-body" rect="5,60,230,233">
      	<image rect="0,0,230,233" src="file:///image/common/tongyong_1.png"/>
      </list-item>
    </list>
    <node rect="0,62,233,230" name="listnode" frame="true" mushroom="false">
	    <list name="FileList"  rect="0,0,230,230" col="1" line="50" current="0"  offset="0,0" >
	    </list>
    </node>
	<node name="loadarea" rect="0,0,240,320">
	</node>
	<button name="emptybutton" rect="0,0,0,0" OnKeyUp="emptyBtKeyUp" />
  </body>
</root>
