﻿<?xml version="1.0" encoding="utf-8"?>
<!--module LocalFile_ListItem-->
<!--note 本地媒体库，文件列表，包括播放和删除按钮-->
<!--author chenzhongjie-->
<!--date 2010/05/26-->
<root>
  <header />
  <body name="123456" >
		<node name="unselect" rect="0,0,205,22">
			<button name="init-item" rect="0,0,205,22" normal="Normal" focus="Focus" OnMouseDown="listitemOnSelect" OnKeyUp="LocalFileKeyUp">
				<node name="Normal" >
				</node>
				<node name="Focus" >
					<image  rect="10,0,205,25"  src="file:///image/common/bg_wdxx2_jd.png" />
				</node>
			</button>	
			<image name="imageNormal" rect="15,8,23,25" src="file:///image/download/ico_shoucang.png" />
			<label name="label1" rect="31,6,169,17" text="" color="#0B5495" v-align="center" h-align="left" />
			<image rect="10,26,205,1" style="tile" src="file:///image/help/dotline.png"/>
		</node>
		<node name="buttonFocus" rect="0,0,210,45" visible="false" enable="false">
			<image name="imageFocus"  rect="10,2,205,45" src="file:///image/download/dg_bg_jd.png" />
			<scrolltext name="label2" rect="31,6,140,17" text="" color="#FFFFFF" v-align="center" h-align="left" step="2" scroll="true"/>
			<image name="dotline" rect="10,46,205,1" style="tile" src="file:///image/help/dotline.png"/>
	   		 <button name="play" rect="179,4,33,19" normal="buttonNormal" focus="Focus" OnSelect="playOnSelect" OnKeyUp="LocalFileKeyUp">
				<node name="buttonNormal" >
					<image name="imageNormal" rect="0,0,33,19" src="file:///image/download/bf2.png" />
				</node>
				<node name="Focus" >
					<image name="imageNormal" rect="0,0,33,19" src="file:///image/download/bf1.png" />
				</node>
			</button>
	  		<button name="delete" rect="179,24,33,19" normal="buttonNormal" focus="Focus" OnSelect="deleteOnSelect" OnKeyUp="LocalFileKeyUp">
				<node name="buttonNormal" >
					<image name="imageNormal" rect="0,0,33,19" src="file:///image/download/sc1.png" />
				</node>
				<node name="Focus" >
					<image name="imageNormal" rect="0,0,33,19" src="file:///image/download/sc2.png" />
				</node>
			</button>
		</node>
  </body>
</root>
