﻿<?xml version = "1.0" encoding = "utf-8"?>
<root>
	<header />
	<body>
		<node rect="0,0,226,145" frame="true" mushroom="false">
			<list name="subject-list" rect="4,0,205,0" line="20" col="1" auto-adjust="true" offset="0,0" />
		</node>
		<node rect="0,145,230,36">
			<button name="review" rect="50,6,61,23" normal="reviewNormal" focus="reviewFocus" OnSelect="reviewButtonSelect">
				<node name="reviewNormal">
					<image rect="0,0,61,23" src="file:///image/magazine/review1.png" />
				</node>
				<node name = "reviewFocus">
					<image rect="0,1,61,23" src="file:///image/magazine/review2.png" />
				</node>
			</button>
			<button name="download" rect="120,6,46,23" normal="downloadNormal" focus="downloadFocus" OnSelect="downloadButtonSelect">
				<node name="downloadNormal">
					<image rect= "0,0,45,23" src="file:///image/magazine/xz1.png"/>
				</node>
				<node name="downloadFocus">
					<image rect="0,1,45,23" src="file:///image/magazine/xz2.png"/>
				</node>
			</button>
		</node>
	</body>
</root>
