﻿<?xml version="1.0" encoding="utf-8"?>
<root>
	<header>
		<script src="file://magazine.lua"/>
	</header>
	<body BuildChildrenFinished="bodyBuildChildrenFinished" OnPluginEvent="OnPluginEvent" OnSpriteEvent="OnSpriteEvent">
		<!-- 整个页面的背景 -->
		<image name="body" rect="0,0,240,320" src="file:///image/welcomenew/hy_bg.png" />
			<image name="caption" rect="0,0,240,28" src="file:///image/common/caption.png" />
			<battery-signal rect="0,0,240,28" image-battery="file:///image/common/battery.png" image-signal="file:///image/common/signal.png" image-degree="file:///image/common/degree.png" number-degree="4" position-battery="150,8" position-signal="180,8" position-time="207,8"/>
			<image rect="5,80,230,4" src="file:///image/common/bord1.png" />
			<image rect="5,84,230,204" style="tile" src="file:///image/common/bord2.png" />
			<image rect="5,288,230,5" src="file:///image/common/bord3.png" />
			<!-- 导航栏 -->
			<node rect = "0,28,240,28" frame = "true">
				<image rect="0,0,240,28" src = "file:///image/history/title_bg.png" />
				<image rect="0,5,16,16" src="file:///image/favorite/ico_shoucangtiao.png" />
				<label name="" rect="20,6,50,20" h-align="left" color="#505050" text="时尚栏目" />
				<image rect="70,10,5,8" src="file:///image/navigation/icon_next.png" />
				<label name="" rect="80,6,50,20" h-align="left" color="#505050" text="视频杂志" />
			</node>
			<!-- 上下页与回目录 -->
			<node name="item-program-change" rect="0,58,240,21">
				<button name="button-backprogram" rect = "10,0,75,20" normal = "backButtonNormal" focus = "backButtonFocus" disabled = "backButtonDisabled" OnSelect = "prePageOnClick">
					<node name="backButtonNormal" >
						<image name="backButtonNormal" rect="5,2,16,14" src="file:///image/menuprograminfo/ico1.png" />
						<label name="button-backprogram-text1" rect="25,1,50,20" h-align="left" color="#0B5495" text="上一页" />
						<label name="button-backprogram-text2" rect="26,1,50,20" h-align="left" color="#0B5495" text="上一页" />
					</node>
					<node name="backButtonFocus">
						<image name="backButtonFocus" rect="5,2,16,14" src="file:///image/menuprograminfo/ico1.png" /> 
						<label name="button-backprogram-text1" rect="25,2,50,20" h-align="left" color="#f461B9" text="上一页" />
						<label name="button-backprogram-text2" rect="26,2,50,20" h-align="left" color="#f461B9" text="上一页" />
					</node>
					<node name="backButtonDisabled">
						<image name="backButtonDisabled" rect="5,2,16,14" src="file:///image/magazine/ico11.png" />
						<label name="button-backprogram-text1" rect="25,2,50,20" h-align="left" color="#888888" text="上一页" />
						<label name="button-backprogram-text2" rect="26,2,50,20" h-align="left" color="#888888" text="上一页" />
					</node>
				</button>
				<button name="button-backmenu" rect="95,0,50,20" normal="backButtonNormal" focus="backButtonFocus" disabled="backButtonDisabled" OnSelect="backToMenu">
					<node name="backButtonNormal">
						<image name="backButtonNormal" rect="0,0,44,20" src="file:///image/magazine/back_menu1.png" />
						</node>
						<node name="backButtonFocus">
						<image name="backButtonFocus" rect="0,1,44,20" src="file:///image/magazine/back_menu2.png" /> 
					</node>
				</button>
				<button name="button-nextprogram" rect="155,0,75,20" normal="nextButtonNormal" focus="nextButtonFocus" disabled="nextButtonDisabled" OnSelect="nextPageOnClick">
					<node name="nextButtonNormal">
						<image name="nextButtonNormal" rect="57,2,16,14" src="file:///image/menuprograminfo/ico2.png" h-align="right" />
						<label name="button-backprogram-text1" rect="17,1,50,20" h-align="left" color="#0B5495" text="下一页" />
						<label name="button-backprogram-text2" rect="18,1,50,20" h-align="left" color="#0B5495" text="下一页" />
					</node>
					<node name = "nextButtonFocus">
						<image name ="nextButtonFocus" rect = "57,2,16,14" src="file:///image/menuprograminfo/ico2.png" h-align="right" />
						<label name = "button-backprogram-text1" rect = "17,2,50,20" h-align = "left" color = "#f461B9" text = "下一页" />
						<label name = "button-backprogram-text2" rect = "18,2,50,20" h-align = "left" color = "#f461B9" text = "下一页" />
					</node>
					<node name = "nextButtonDisabled">
						<image name = "nextButtonDisabled" rect = "57,2,16,14" src = "file:///image/magazine/ico22.png" h-align="right" />
						<label name = "button-backprogram-text1" rect = "17,2,50,20" h-align = "left" color = "#888888" text = "下一页" />
						<label name = "button-backprogram-text2" rect = "18,2,50,20" h-align = "left" color = "#888888" text = "下一页" />
					</node>
				</button>
			</node>
			<!-- scroll的父节点 -->
			<node name="superSprite" rect="5,85,226,180" />
			<!-- 页数显示 -->
			<node rect="5,267,230,20" border="0">
				<image rect="11,-1,217,1" style="tile" src="file:///image/help/dotline.png" />
				<shadow rect="5,0,220,20" alpha="50" color="#A0A0A0" />
				<label name="list-status" rect="0, 0, 230, 20" h-align="center" v-align="center" color="#0B5495" text="" />
			</node>
			<node name="loadarea" rect="0,0,240,320" >
			</node>
		</body>
</root>
