﻿<?xml version="1.0" encoding="utf-8"?>
<root>
	<header />
	<body>
		<node name="testnode" rect="4,0,222,178" >
			<node name="title" rect="0,0,205,25">
				<image rect="0,0,205,25" src="file:///image/help/caption_back1.png" />
				<scrolltext name = "titleText" rect = "5,5,195,25" shadow = "true" shadow-offset = "1, 0" shadow-color = "#404040" text = "" v-align = "center" h-align = "center" color = "#404040" step = "1" scroll = "true" />
			</node>
			<node name="desc" rect="0,28,205,90" frame="true">
					<image rect="0,0,205,2" src="file:///image/magazine/caption_bg1.png" />
					<image rect="0,2,205,86" style="tile" src="file:///image/magazine/caption_bg2.png" />
					<image rect="0,88,205,2" src="file:///image/magazine/caption_bg3.png" />
					<textarea name="textarea" rect="5,5,195,80" color="#404040" line-height="15" step= "1" loop="true" frame="true" text=""/>
			</node>
			<node name="play1" rect="0,121,205,50" visible="false">
				<image name = "magazine_img1" rect = "0,0,79,56" src = "file:///image/magazine/desc.png" />
				<node name="type11" rect="100,4,45,25">
					<image rect="0,0,7,14" src="file:///image/magazine/arrow1.png" />
					<label name="category11" rect="16,-2,30,14" shadow="true" shadow-offset="1, 0" shadow-color="#404040" text="视频" v-align="center" h-align="center" color="#404040" />
				</node>
				<button name="button11" rect="100,27,44,23" normal="normal" focus="focus" OnSelect="playButtonOnClick1">
					<image name="normal" rect="0,0,44,23" src="file:///image/magazine/play1.png" />
					<image name="focus" rect="1,1,44,23" src="file:///image/magazine/play2.png" />
				</button>
			</node>
			<node name="play2" rect="0,121,205,50" visible="false">
				<image name = "magazine_img2" rect = "0,0,79,56" src = "file:///image/magazine/desc.png" />
				<node name="type21" rect="90,4,45,25">
					<image rect="0,0,7,14" src="file:///image/magazine/arrow1.png" />
					<label name="category21" rect="16,-2,30,14" shadow="true" shadow-offset="1, 0" shadow-color="#404040" text="音频" v-align="center" h-align="center" color="#404040" />
				</node>
				<button name="button21" rect="90,27,44,23" normal="normal" focus="focus" OnSelect="playButtonOnClick1">
					<image name="normal" rect="0,0,44,23" src="file:///image/magazine/play1.png" />
					<image name="focus" rect="1,1,44,23" src="file:///image/magazine/play2.png" />
				</button>
				<node name="type22" rect="150,4,45,25">
					<image rect="0,0,7,14" src="file:///image/magazine/arrow1.png" />
					<label name="category22" rect="16,-2,30,14" shadow="true" shadow-offset="1, 0" shadow-color="#404040" text="视频" v-align="center" h-align="center" color="#404040" />
				</node>
				<button name="button22" rect="150,27,44,23" normal="normal" focus="focus" OnSelect="playButtonOnClick2">
					<image name="normal" rect="0,0,44,23" src="file:///image/magazine/play1.png" />
					<image name="focus" rect="1,1,44,23" src="file:///image/magazine/play2.png" />
				</button>
			</node>
			<node name="play3" rect="0,121,205,50" visible="false">
				<node name="type31" rect="14,4,45,25">
					<image rect="0,0,7,14" src="file:///image/magazine/arrow1.png" />
					<label name="category31" rect="16,-2,30,14" shadow="true" shadow-offset="1, 0" shadow-color="#404040" text="音频" v-align="center" h-align="center" color="#404040" />
				</node>
				<button name="button31" rect="14,27,44,23" normal="normal" focus="focus" OnSelect="playButtonOnClick1">
					<image name="normal" rect="0,0,44,23" src="file:///image/magazine/play1.png" />
					<image name="focus" rect="1,1,44,23" src="file:///image/magazine/play2.png" />
				</button>
				<node name="type32" rect="82,4,45,25">
					<image rect="0,0,7,14" src="file:///image/magazine/arrow1.png" />
					<label name="category32" rect="16,-2,30,14" shadow="true" shadow-offset="1, 0" shadow-color="#404040" text="音频" v-align="center" h-align="center" color="#404040" />
				</node>
				<button name="button32" rect="82,27,44,23" normal="normal" focus="focus" OnSelect="playButtonOnClick2">
					<image name="normal" rect="0,0,44,23" src="file:///image/magazine/play1.png" />
					<image name="focus" rect="1,1,44,23" src="file:///image/magazine/play2.png" />
				</button>
				<node name="type33" rect="150,4,45,25">
					<image rect="0,0,7,14" src="file:///image/magazine/arrow1.png" />
					<label name="category33" rect="16,-2,30,14" shadow="true" shadow-offset="1, 0" shadow-color="#404040" text="视频" v-align="center" h-align="center" color="#404040" />
				</node>
				<button name="button33" rect="150,27,44,23" normal="normal" focus="focus" OnSelect="playButtonOnClick3">
					<image name="normal" rect="0,0,44,23" src="file:///image/magazine/play1.png" />
					<image name="focus" rect="1,1,44,23" src="file:///image/magazine/play2.png" />
				</button>
			</node>
		</node>
	</body>
</root>
