﻿<?xml version = "1.0" encoding = "utf-8"?>
<root>
	<header />
	<body>
		<button name="subject-list-1" rect="0,0,206,25" normal="subjectlistNormal" focus="subjectlistFocus" OnSelect="MenuItemOnSelect">
			<node name="subjectlistNormal">
				<image rect="0,0,205,25" src="file:///image//magazine//magzine_title_normal.png" />
				<scrolltext name="subjectButtontextN" rect="32,5,170,14" h-align="left" color="#0B5495" text="" step = "1" scroll="true" />
			</node>
			<node name="subjectlistFocus">
				<image rect="0,0,205,25" src="file:///image//magazine//magzine_title_focus.png" />
				<scrolltext name="subjectButtontextF" rect="32,5,170,14" h-align="left" color="#F0F0F0" text="" step="1" scroll="true" />
			</node>
		</button>
	</body>
</root>
