﻿<?xml version="1.0" encoding="utf-8"?>
<root>
  <header />
  <body >
    <!--<list-item name="subject-1" rect="20,13,40,27" >-->
		<button name="subject-list-1" rect="0,0,206,25" normal="subjectlistNormal" focus="subjectlistFocus" OnSelect="VolumeItemOnSelect">
			<node name="subjectlistNormal">
				<image rect="4,6,205,21" src="file:///image//menuprograminfo//ico3.png" />
				<label name="subjectButtontextN" rect="27,5,170,14" h-align="left" color="#0B5495" text="" />
			</node>
			<node name="subjectlistFocus">
				<image rect="0,2,205,21" src="file:///image//menuprograminfo//jd_bg.png" />
				<label name="subjectButtontextF" rect="27,5,170,14" h-align="left" color="#F0F0F0" text="" />
			</node>
		</button>
		<image rect="11,25,206,1" style="tile" src="file:///image/help/dotline.png" />
	<!--</list-item>-->
  </body>
</root>
