﻿<?xml version="1.0" encoding="utf-8"?>
<root>
<!--module menuprograminfo_labelItem-->
<!--note 标签式详情中单节目按钮模板-->
<!--author cuiyizhou-->
<!--date 2010/05/28-->
  <header />
  <body >
    <!--<list-item name="subject-1" rect="20,13,40,27" >-->
		<button name="subject-button-1" rect="0,0,50,19" normal="subjectButtonNormal" focus="subjectButtonFocus" OnSelect="OnVolumeClick" OnKeyUp="menuLabelButtonSubjectKeyUp" >
			<node name="subjectButtonNormal">
				<image rect="0,0,50,19" src="" />
				<label name="subjectButtontextN" rect="0,0,50,19" h-align="center" v-align="center" color="#0B5495" text="" />
			</node>
			<node name="subjectButtonFocus">
				<image rect="0,0,50,19" src="file:///image//menuprograminfo//list_jd_bg.png" />
				<label name="subjectButtontextF" rect="0,0,50,19" h-align="center" v-align="center" postfix="." color="#F0F0F0" text="" />
			</node>
		</button>
	<!--</list-item>-->
  </body>
</root>
