﻿<?xml version="1.0" encoding="utf-8"?>
<root>
  <header />
  <body >
		<!--按钮的选中和非选中状态-->
		<button name="buttonChangeName" rect="" normal="ButtonNormal" focus="ButtonFocus" visible="true" OnSelect="btnOnSelect" OnKeyUp="listKeyUp">
			<node name="ButtonNormal" rect="">
				<image name="img" rect="" src="" />
				<label name="NormalButtontext" rect="" v-align="center" h-align="left" color="#0B5495" text="" /> 
			</node>
 			<node name="ButtonFocus" rect="">
				<image name="buttonFocus1" rect="" src="file:///image/home/keywords-board1.png" />
				<image name="buttonFocus2" rect="" style="tile" src="file:///image/home/keywords-board2.png" />
				<image name="buttonFocus3" rect="" src="file:///image/home/keywords-board3.png" />
				<!--<image name="buttonFocus1" rect="" src="file:///image/player/list_sel_bg.png" />-->
				<label name="FocusButtontext" rect="" v-align="center" h-align="left" color="#F0F0F0" text="" /> 
			</node>
		</button>
  </body>
</root>