﻿
<?xml version="1.0" encoding="utf-8"?>
<root>
  <header>
	<script src="file://menuregisterinformation.lua" />
  </header>
  <body BuildChildrenFinished="bodyBuildChildrenFinished" 
		OnPluginEvent="bodyOnPluginEvent"
		OnSpriteEvent="bodyOnSpriteEvent"
		OnSetFocus="nickname-edit"
	>
    <!--<node name="background" active="false" enable="false">
      <image name="caption" rect="0,0,240,28" src="file:///image/common/caption.png" />
      <image name="body" rect="0,28,240,274" src="file:///image/common/background.png" />
    </node>
	<battery-signal rect="0,0,240,28" image-battery="file:///image/common/battery.png" image-signal="file:///image/common/signal.png" 
					image-degree="file:///image/common/degree.png" number-degree="4" position-battery="150,8" position-signal="180,8" position-time="207,8"/>   -->
	<node name="back-scene" rect="0,0,240,320" active="false" enable="false"/>
	<shadow rect="0,00,240,320" alpha="128"/>
	<list name="menuregisterinformation" rect="0,0,240,330" col="1" line="1" current="0">
		<!--注册面板-->
		<list-item name="register-board" rect="6,124,230,174">
			<node active="false" enable="false">
				<image rect="0,3,230,4" src="file:///image/common/bord1.png" />
			</node>
			<node active="false" enable="false">
				<image name="panelarea-adjustable" rect="0,7,230,170" style="tile" src="file:///image/common/bord2.png" />
			</node>
			<node active="false" enable="false">
				<image rect="7,0,214,21" src="file:///image/common/sc_hcqsz.png" />
			</node>
			<node active="false" enable="false">
				<label name="panelarea-title" rect="3,3,220,20" h-align="center" color="#F0F0F0" text="免费注册" />
				<label name="panelarea-title2" rect="4,3,220,20" h-align="center" color="#F0F0F0" text="免费注册" />
			</node>
			<node active="false" enable="false">
				<label name="dearUser1" rect="3,23,220,20" h-align="left" color="#585858" text="" />
				<label name="dearUser1" rect="4,23,220,20" h-align="left" color="#585858" text="" />
			</node>
			<node active="false" enable="false">
				<label name="panelarea-title3" rect="27,43,220,20" h-align="left" color="#585858" text="欢迎您注册中国移动手机视频业务，" />
				<label name="panelarea-title3" rect="3,63,220,20" h-align="left" color="#585858" text="开通视频上传功能，需要您填写以下注册" />
				<label name="panelarea-title3" rect="3,83,220,20" h-align="left" color="#585858" text="信息。" />
			</node>
			<!--注册昵称编辑框区域-->
			<node active="false" enable="false">
				<label name="nickname-label" rect="27,110,29,18" h-align="center" color="#585858" text="昵称" />
			</node>
			<button name="nickname-button" rect="60,105,110,25" normal="nicknameEditNormal" focus="nicknameEditFocus" OnSetFocus="TextOnSelected" mushroom="true" OnKeyUp="textButtonOnKeyUp">
				<image name="nicknameEditNormal" rect="0,0,166,23" src="file:///image/freeregister/tuijian_kuang.png" />
				<image name="nicknameEditFocus" rect="0,0,166,23" src="file:///image/freeregister/tuijian_kuang_jd.png" />
				<edit name="nickname-edit" rect="5,0,127,20" text="" title="请输入昵称" max-size="20" color="#585858" frame="true" v-align="center" h-align="left" OnTextChanged="editOnTextChanged"/>
			</button>			
			<!--注册确认按钮-->
			<button name="ok-button" rect="70,140,40,27" normal = "okButtonNormal" focus="okButtonFocus" OnSelect="btnOKOnSelect" OnKeyUp="okButtonOnKeyUp">                  
				<image name="okButtonNormal" rect="0,3,40,27" src="file:///image/dialog/reg_unsel.png" />
				<image name="okButtonFocus" rect="0,0,40,27" src="file:///image/dialog/reg_sel.png" /> 
			</button>	
			<!--取消注册按钮-->
			<button name="cancel-button" rect="120,140,40,27" normal = "cancelButtonNormal" focus="cancelButtonFocus" OnSelect="btnCancelOnSelect" OnKeyUp="cancelButtonOnKeyUp">                  
				<image name="cancelButtonNormal" rect="0,0,40,27" src="file:///image/dialog/cancel.png" />
				<image name="cancelButtonFocus" rect="0,0,40,27" src="file:///image/dialog/cancel_alt.png" /> 
			</button>			
		</list-item>
    </list>

      <!--注册信息 zr-2010-0202-->
    <label name="RegistInf-1" visible="false" text="注册成功" color="#475C6F" h-align="left" v-align="top"/>
    <label name="RegistInf-2" visible="false" text="注册失败" color="#475C6F" h-align="left" v-align="top"/>
    <label name="RegistInf-3" visible="false" text="注册"     color="#475C6F" h-align="left" v-align="top"/>
  	<!--start 菜单资源-->
	<list name="QuickLauncherBar" rect="0,0,240,320">
	</list>
	<!--end-->
	<node name="loadareaReg" rect="0,0,240,320">
	</node>
	<node name="dialogInterface" OnSpriteEvent="DialogSpriteEvent"/>
	<node name="scapegoat"></node>
  </body>
</root>
<!--亲爱的135********用户，欢迎注册中国移动手机视频业务，开通视频上传功能，需要您填写相应的注册信息。-->