﻿<?xml version="1.0" encoding="utf-8"?>
<root>
<!--module menuprograminfo_volume-->
<!--note 单节目详情-->
<!--author cuiyizhou-->
<!--date 2010/05/28-->
	<header>
		<script src="file://menuprograminfo_volume.lua" />
	</header>
	<body BuildChildrenFinished="bodyBuildChildrenFinished" OnPluginEvent="OnPluginEvent" OnSpriteEvent="OnSpriteEvent" OnSetFocus="button-play" >
	<node name="event" OnSpriteEvent="OnSpriteEvent2"/>
	<image name="background" rect="0,28,240,274" src="file:///image//common//background.png" />
	<image name="caption" rect="0,0,240,27"  src="file:///image//common//caption.png" />
	<battery-signal rect="0,0,240,28" image-battery="file:///image/common/battery.png" image-signal="file:///image/common/signal.png" image-degree="file:///image/common/degree.png" number-degree="4" position-battery="150,8" position-signal="180,8" position-time="207,8"/>
	<list name="menuprograminfo"  rect="0,0,240,320" col="1" line="5" current="0" OnSpriteEvent="bodyOnSpriteEvent">
    <list-item name="program-info-label" rect="0,28,240,54">
			<node active="false" enable="false">
				<image rect="0,0,240,27" style="tile" src="file:///image/common/title_bg.png" />
			</node>
			<list name="info-list" rect="0,0,230,25" col="2" line="1">
				<list-item name="info-pic" rect="7,4,15,16">
					<node active="false" enable="false">
						<image rect="0,0,15,16" src="file:///image/navigation/icon_video.png" />
					</node>
				</list-item>
				 <list-item name="info-content" rect="30,4,210,30">
						<scrolltext name="info-content-caption" rect="0,3,210,20" h-align="left" color="#585858" step="2" scroll="true" text="" />
				</list-item>
			</list>
		</list-item>
		
		<list-item name="item-program-change" rect="0,60,240,21">		
			<button name="button-backprogram" rect="10,0,75,20" normal = "backButtonNormal"	 focus="backButtonFocus" OnSelect="backButtonOnSelect"  OnKeyUp="menuVolumeButtonProgramKeyUp" >
				<node name="backButtonNormal" >                 
					<image name="backButtonNormal" rect="5,-1,16,14" src="file:///image/menuprograminfo/ico1.png" />
					<label name="button-backprogram-text1" rect="25,1,50,20" h-align="left" color="#0B5495" text="上一节目" />
					<label name="button-backprogram-text2" rect="26,1,50,20" h-align="left" color="#0B5495" text="上一节目" />
				</node>
				<node name="backButtonFocus">
					<image name="backButtonFocus" rect="5,0,16,14" src="file:///image/menuprograminfo/ico1.png" /> 
					<label name="button-backprogram-text1" rect="25,2,50,20" h-align="left" color="#f461B9" text="上一节目" />
					<label name="button-backprogram-text2" rect="26,2,50,20" h-align="left" color="#f461B9" text="上一节目" />
				</node>
			</button>			  
			<button name="button-nextprogram" rect="155,0,75,20" normal="nextButtonNormal" focus="nextButtonFocus" OnSelect="nextButtonOnSelect" OnKeyUp="menuVolumeButtonProgramKeyUp" >
				<node name="nextButtonNormal" >   
					<image name="nextButtonNormal" rect="57,-1,16,14" src="file:///image/menuprograminfo/ico2.png" h-align="right"/>
					<label name="button-backprogram-text1" rect="5,1,50,20" h-align="left" color="#0B5495" text="下一节目" />
					<label name="button-backprogram-text2" rect="6,1,50,20" h-align="left" color="#0B5495" text="下一节目" />
				</node>
				<node name="nextButtonFocus" >   
					<image name="nextButtonFocus" rect="57,0,16,14" src="file:///image/menuprograminfo/ico2.png" h-align="right"/>
					<label name="button-backprogram-text1" rect="5,2,50,20" h-align="left" color="#f461B9" text="下一节目" />
					<label name="button-backprogram-text2" rect="6,2,50,20" h-align="left" color="#f461B9" text="下一节目" />
				</node>
			</button>
		</list-item>
		
		<list-item name="item-play" rect="0,80,240,220">		
			<node enable="false">
				<image rect="5,0,230,4" src="file:///image/common/bord1.png" />
				<image rect="5,4,230,208" style="tile" src="file:///image/common/bord2.png" />
				<image rect="5,211,230,4" src="file:///image/common/bord3.png" />
				<image rect="10,4,80,60" name="item-video-caption-postpic"  src="" />
				<scrolltext name="item-video-caption1" rect="98,4,126,18" scroll="true" step="2" color="#585858" text="" />
				<scrolltext name="item-video-caption2" rect="97,4,126,18" scroll="true" step="2" color="#585858" text="" />
				<label name="item-video-caption3" rect="97,24,80,20" h-align="left" color="#585858" text="时长: 00：45" />
				<list name="list-video-caption-stars" rect="98,46,76,12" col="5" line="1" offset= "4,0">
					<image rect="0,0,12,12" src="file:///image/menuprograminfo/star2.png"  />
					<image rect="16,0,12,12" src="file:///image/menuprograminfo/star2.png"  />
					<image rect="32,0,12,12" src="file:///image/menuprograminfo/star2.png"  />
					<image rect="48,0,12,12" src="file:///image/menuprograminfo/star2.png"  />
					<image rect="64,0,12,12" src="file:///image/menuprograminfo/star2.png"  />
					<!--start 这里用星星显示评分，改变rect即可改变显示星星的多少-->
					<node name="starlevel" frame="true" rect="0,0,76,12">
						<image rect="0,0,12,12" src="file:///image/menuprograminfo/star1.png"  />
						<image rect="16,0,12,12" src="file:///image/menuprograminfo/star1.png"  />
						<image rect="32,0,12,12" src="file:///image/menuprograminfo/star1.png"  />
						<image rect="48,0,12,12" src="file:///image/menuprograminfo/star1.png"  />
						<image rect="64,0,12,12" src="file:///image/menuprograminfo/star1.png"  />
					</node>
					<!--end-->
				</list>
			</node>
		</list-item>
		<!--start 四个按钮-->
		<list-item name="item-Buttons" rect="0,148,240,50" >		
			<button name="button-play" rect="11,0,50,23" normal = "playButtonNormal"	 focus="playButtonFocus" OnSelect="playOnButtonClick" OnKeyUp="menuVolumeButtonItemKeyUp" >                  
				<image name="playButtonNormal" rect="0,0,50,23" src="file:///image/menuprograminfo/bf1.png" />
				<image name="playButtonFocus" rect="0,0,50,23" src="file:///image/menuprograminfo/bf2.png" /> 
			</button>	
			<button name="button-download" rect="66,0,50,23" normal = "downloadButtonNormal"	 focus="downloadButtonFocus" OnMouseDown="downloadButtonOnMouseDown" OnKeyUp="menuVolumeButtonItemKeyUp" >                  
				<image name="downloadButtonNormal" rect="0,0,50,23" src="file:///image/menuprograminfo/xz1.png" />
				<image name="downloadButtonFocus" rect="0,0,50,23" src="file:///image/menuprograminfo/xz2.png" /> 
			</button>	
			<button name="button-recommand" rect="121,0,50,23" normal = "recommandButtonNormal"	 focus="recommandButtonFocus"  OnMouseDown="shareOnMouseDown"  OnKeyUp="menuVolumeButtonItemKeyUp" >                  
				<image name="recommandButtonNormal" rect="0,0,50,23" src="file:///image/menuprograminfo/tj1.png" />
				<image name="recommandButtonFocus" rect="0,0,50,23" src="file:///image/menuprograminfo/tj2.png" /> 
			</button>	
			<button name="button-vote" rect="176,0,50,23" normal = "voteButtonNormal"	 focus="voteButtonFocus"  OnMouseDown="voteOnMouseDown" OnKeyUp="menuVolumeButtonItemKeyUp" >                  
				<image name="voteButtonNormal" rect="0,0,50,23" src="file:///image/menuprograminfo/tp1.png" />
				<image name="voteButtonFocus" rect="0,0,50,23" src="file:///image/menuprograminfo/tp2.png" /> 
			</button>	
		</list-item>
		<!--end-->
		<list-item name="item-video-introduce" rect="0,175,240,109" OnTick="introduceOnTick" frame="true">	
			<image name="item-video-introduce1" rect="11,0,218,4"  src="file:///image/menuprograminfo/small_bord1.png" />
			<image name="item-video-introduce2" rect="11,4,218,135"  style="tile" src="file:///image/menuprograminfo/small_bord2.png" />
		</list-item>
		<image name="item-video-introduce3" rect="11,284,218,5" src="file:///image/menuprograminfo/small_bord3.png" />
	</list>
	<button name="video-bottom" rect="100,283,32,14" normal="btnNormal" focus="btnFocus"  OnSelect="showDetailButtonOnSelect" OnKeyUp="showDetailButtonKeyUp">
  	<node name="btnNormal">
			<image name="img_btnNormal" rect="0,0,32,14" src="file://image//menuprograminfo//bt_gd3.png" />
		</node>
		<node name="btnFocus">
			<image name="img_btnFocus" rect="0,1,32,14" src="file://image//menuprograminfo//bt_gd.png" />
		</node>
	</button>
	<textarea name="distinct-introduce" frame="true" rect="19,178,202,105" color="#585858" line-height="15" loop="true" step="1" top="0" text="" />
	<node name="loadarea" rect="0,0,240,320" >
	</node>
	<shadow name="myshadow" rect="0,0,240,320" alpha="128" visible="0" />
  </body>
</root>
