﻿<?xml version="1.0" encoding="utf-8"?>
<root>
<!--module menuprograminfo_label-->
<!--note 标签式详情-->
<!--author cuiyizhou-->
<!--date 2010/05/28-->
	<header>
		<script src="file://menuprograminfo_label.lua" />
	</header>
	<body BuildChildrenFinished="bodyBuildChildrenFinished" OnPluginEvent="OnPluginEvent" OnSpriteEvent="OnSpriteEvent" OnSetFocus="subject-button-0" >
	
	<image name="background" rect="0,28,240,274" src="file:///image//common//background.png" />
	<image name="caption" rect="0,0,240,28"  src="file:///image//common//caption.png" />
	<battery-signal rect="0,0,240,28" image-battery="file:///image/common/battery.png" image-signal="file:///image/common/signal.png" 
				image-degree="file:///image/common/degree.png" number-degree="4" position-battery="150,8" position-signal="180,8" position-time="207,8"/>
	
	<list name="menuprograminfo"  rect="0,0,240,320" col="1" line="5" current="0">
		<!--start 第一行的背景和标签-->
    <list-item name="program-info-label" rect="0,28,240,54">
			<node active="false" enable="false">
				<image rect="0,0,240,27" style="tile" src="file:///image/common/title_bg.png" />
			</node>
			<list name="info-list" rect="0,0,230,25" col="2" line="1">
				<list-item name="info-pic" rect="7,4,15,16">
					<node active="false" enable="false">
						<image rect="0,0,15,16" src="file:///image/navigation/icon_video.png" />
					</node>
				</list-item>
				<list-item name="info-content" rect="30,4,210,30">
						<label name="info-content-caption" rect="0,3,210,20" h-align="left" color="#585858" text="" />
				</list-item>
			</list>
		</list-item>
		<!--end-->
		
		<!--start 节目翻页的两个按钮-->
		<list-item name="item-program-change" rect="0,60,240,21">		
			<button name="button-backprogram" rect="10,0,75,20" normal = "backButtonNormal"	 focus="backButtonFocus" OnSelect="backButtonOnSelect" OnKeyUp="menuLabelButtonProgramKeyUp" >
				<node name="backButtonNormal" >                 
					<image name="backButtonNormal" rect="5,2,16,14" src="file:///image/menuprograminfo/ico1.png" />
					<label name="button-backprogram-text1" rect="25,1,50,20" h-align="left" color="#0B5495" text="上一节目" />
					<label name="button-backprogram-text2" rect="26,1,50,20" h-align="left" color="#0B5495" text="上一节目" />
				</node>
				<node name="backButtonFocus">
					<image name="backButtonFocus" rect="5,3,16,14" src="file:///image/menuprograminfo/ico1.png" /> 
					<label name="button-backprogram-text1" rect="25,2,50,20" h-align="left" color="#f461B9" text="上一节目" />
					<label name="button-backprogram-text2" rect="26,2,50,20" h-align="left" color="#f461B9" text="上一节目" />
				</node>
			</button>			  
			<button name="button-nextprogram" rect="155,0,75,20" normal="nextButtonNormal" focus="nextButtonFocus" OnSelect="nextButtonOnSelect" OnKeyUp="menuLabelButtonProgramKeyUp" >
				<node name="nextButtonNormal" >   
					<image name="nextButtonNormal" rect="57,2,16,14" src="file:///image/menuprograminfo/ico2.png" h-align="right"/>
					<label name="button-backprogram-text1" rect="5,1,50,20" h-align="left" color="#0B5495" text="下一节目" />
					<label name="button-backprogram-text2" rect="6,1,50,20" h-align="left" color="#0B5495" text="下一节目" />
				</node>
				<node name="nextButtonFocus" >   
					<image name="nextButtonFocus" rect="57,3,16,14" src="file:///image/menuprograminfo/ico2.png" h-align="right"/>
					<label name="button-backprogram-text1" rect="5,2,50,20" h-align="left" color="#f461B9" text="下一节目" />
					<label name="button-backprogram-text2" rect="6,2,50,20" h-align="left" color="#f461B9" text="下一节目" />
				</node>
			</button>
		</list-item>
		<!--end-->
		
		<!--start 节目信息界面显示-->
		<list-item name="item-play" rect="0,80,240,220">		
			<node enable="false">
				<image rect="5,0,230,4" src="file:///image/common/bord1.png" />
				<image rect="5,4,230,208" style="tile" src="file:///image/common/bord2.png" />
				<image rect="5,211,230,4" src="file:///image/common/bord3.png" />
				<image name="item-video-caption-postpic" rect="10,4,80,60" src="" />
					<scrolltext name="item-video-caption1" rect="98,4,130,18" scroll="true" step="2" color="#585858" text=""/>
  				<scrolltext name="item-video-caption2" rect="97,4,130,18" scroll="true" step="2" color="#585858" text=""/>
  				<label name="item-video-caption3" rect="97,24,80,20" h-align="left" color="#585858" text="" />
					<list name="list-video-caption-stars" rect="98,46,76,12" col="5" line="1" offset= "4,0">
						<image rect="0,0,12,12" src="file:///image/menuprograminfo/star2.png"  />
						<image rect="16,0,12,12" src="file:///image/menuprograminfo/star2.png"  />
						<image rect="32,0,12,12" src="file:///image/menuprograminfo/star2.png"  />
						<image rect="48,0,12,12" src="file:///image/menuprograminfo/star2.png"  />
						<image rect="64,0,12,12" src="file:///image/menuprograminfo/star2.png"  />
						<!--start 这里用星星显示评分，改变rect即可改变显示星星的多少-->
						<node name="starlevel" frame="true" rect="0,0,76,12">
							<image rect="0,0,12,12" src="file:///image/menuprograminfo/star1.png"  />
							<image rect="16,0,12,12" src="file:///image/menuprograminfo/star1.png"  />
							<image rect="32,0,12,12" src="file:///image/menuprograminfo/star1.png"  />
							<image rect="48,0,12,12" src="file:///image/menuprograminfo/star1.png"  />
							<image rect="64,0,12,12" src="file:///image/menuprograminfo/star1.png"  />
						</node>
						<!--end-->
					</list>
			</node>
		</list-item>
		<!--end-->
		
		<!--start 组节目集数选择的背景和左右翻页按钮-->			
		<list-item name="item-video-count" rect="0,146,240,92">	
			<node active="false" enable="false">
				<image rect="11,0,218,4" src="file:///image/menuprograminfo/bord_blue_1.png" />
				<image name="blue-background-mid" rect="11,4,218,92" style="tile" src="file:///image/menuprograminfo/bord_blue_2.png" />
				<image name="blue-background-bottom" rect="11,96,218,4" src="file:///image/menuprograminfo/bord_blue_3.png" />
			</node>
			<button name="video-left" rect="2,35,14,29" normal="normal" focus="focus" disabled="disabled" visible="0" OnSelect="pagechangeOnBtnClick">
				<image name="normal" rect="0,0,14,29" src="file:///image/common/btgdleftable.png" />
				<image name="focus" rect="0,1,14,29" src="file:///image/common/btgdleftable_sel.png" />
				<image name="disabled" rect="0,1,14,29" src="file:///image/common/btgdleftdisable.png" />
			</button>
			<button name="video-right" rect="224,35,14,29" normal="normal" focus="focus" disabled="disabled" visible="0" OnSelect="pagechangeOnBtnClick">
				<image name="normal" rect="0,0,14,29" src="file:///image/common/btgdrightable.png" />
				<image name="focus" rect="0,1,14,29" src="file:///image/common/btgdrightable_sel.png" />
				<image name="disabled" rect="0,1,14,29" src="file:///image/common/btgdrightdisable.png" />
			</button>
			<list name="subject-list" rect="17,5,202,80" line="4" col="4" auto-adjust="true" offset="52,23">
			</list>
		</list-item>
		<!--end-->
		
		<!--start 节目详细信息显示的灰色背景-->		
		<list-item name="item-video-introduce" rect="0,250,240,38" OnTick="introduceOnTick" frame="true">	
				<image name="item-video-introduce1" rect="11,0,218,4" src="file:///image/menuprograminfo/small_bord1.png" />
				<image name="item-video-introduce2" rect="11,4,218,140" style="tile" src="file:///image/menuprograminfo/small_bord2.png" />
		</list-item>
		<image name="item-video-introduce3" rect="11,286,218,5" src="file:///image/menuprograminfo/small_bord3.png" />
		<!--end-->
		<!--start 改变详细信息显示区域大小的按钮-->	
		<button name="video-bottom" rect="100,277,40,20" normal="btnNormal" focus="btnFocus"  OnSelect="showDetailButtonOnSelect">
  		<node name="btnNormal">
				<image name="img_btnNormal" rect="4,6,32,14" src="file://image//menuprograminfo//bt_gd3.png" />
			</node>
			<node name="btnFocus">
				<image name="img_btnFocus" rect="4,7,32,14" src="file://image//menuprograminfo//bt_gd.png" />
			</node>
		</button>
		<!--end-->
	</list>
  <node name="textarea">
  	<textarea name="distinct-introduce" frame="true" rect="19,254,214,28" color="#585858" line-height="15" loop="true" step="1" top="0" text="" />
	</node>
	<node name="loadarea" rect="0,0,240,320">
	</node>
  </body>
</root>
