﻿<?xml version="1.0" encoding="utf-8"?>
<root>
	<header>
		<script src="file://menusearch_advancedpannel.lua" />
	</header>
	<body BuildChildrenFinished="bodyAdvancedPannelFinished">
		<image name="" rect="0,0,240,29" style="tile" src="file:///image/advancedsearch/pannel_bg.png"/>
		<label name="normal" rect="0,2,39,19" text="分类" color="#075DA1" v-align="center" h-align="center"/>
		<button name="combobox1" rect="40,3,90,21" normal="normal" focus="focus" OnSelect="combobox1OnSelect" OnKeyUp="comboboxKeyUp">
			<image name="normal" rect="0,0,90,21" src="file:///image/advancedsearch/combobox.png" />
			<image name="focus" rect="0,0,90,21" src="file:///image/advancedsearch/combobox_f.png" />
			<label name="combobox1text" rect="10,0,60,19" text="全部" color="#075DA1" postfix="." v-align="center" h-align="left"/>
		</button>
		<button name="combobox2" rect="140,3,90,21" normal="normal" focus="focus" OnSelect="combobox2OnSelect" OnKeyUp="comboboxKeyUp">
			<image name="normal" rect="0,0,90,21" src="file:///image/advancedsearch/combobox.png" />
			<image name="focus" rect="0,0,90,21" src="file:///image/advancedsearch/combobox_f.png" />
			<label name="combobox2text" rect="10,0,60,19" text="全部" color="#075DA1" postfix="." v-align="center" h-align="left"/>
		</button>
		<node name="comboListFrame" rect="0,150,90,120" frame="1">
			<list name="comboList1" active="false" rect="0,150,90,80" line="20" col="1" auto-adjust="true" offset="0,0" mushroom="false">
			</list>
		</node>
	</body>
</root>