﻿<?xml version="1.0" encoding="utf-8"?>
<!--module menuSetting-->
<!--note 设置-->
<!--author chenzhongjie-->
<!--date 2010/05/26-->
<root>
	<header>
		<script src="file://menuSetting.lua" />
	</header>
	<body BuildChildrenFinished="bodyBuildChildrenFinished" OnPluginEvent="OnPluginEvent" OnSpriteEvent="bodyOnSpriteEvent">
		<node name="event" OnSpriteEvent="OnSpriteEvent"/>
		<list name="Setting" rect="0,0,240,320" col="1" line="6" current="0" offset="11,5" >
			<image name="body" rect="0,28,240,274" src="file:///image/common/background.png" />
			<image name="caption" rect="0,0,240,28"  src="file:///image//common//caption.png" />
			<battery-signal rect="0,0,240,28" image-battery="file:///image/common/battery.png" image-signal="file:///image/common/signal.png" image-degree="file:///image/common/degree.png" number-degree="4" position-battery="150,8" position-signal="180,8" position-time="207,8"/>
			<image rect="5,59,230,233" src="file:///image/common/tongyong_1.png"/>
			<list-item name="item-title" rect="0,28,240,26">
				<image rect="0,0,240,26" src="file:///image/upload/title_bg.png"/>
				<image rect="3,5,14,15" src="file:///image/Setting/ico_dingou.png"/>
				<label rect="24,5,56,14" text="设置选项" color="#00000" v-align="center" h-align="left"/>
			</list-item>
			<list-item name="item-Setting" rect="11,65,220,228">
				<button name="Settinglogin" rect="0,0,205,23" normal="normal" focus="focus" border="false" OnSelect="SettingloginOnselect" OnKeyUp="ButtonKeyUp">
					<node name="normal">
						<image rect="0,0,205,21" src="file:///image/Setting/bz_list_bg.png"/>
						<image name="buttonNormal1" rect="5,4,14,15" src="file:///image/common/yjt.png"/>
		    				<label name="normalSettingloginlabel" rect="30,2,70,14" text="登录页设置" color="#00000" v-align="center" h-align="left"/>
					</node>
					<node name="focus">
						<image rect="0,0,205,21" src="file:///image/Setting/bz_list_bg.png"/>
						<image rect="5,4,14,15" src="file:///image/common/yjt.png"/>
		    				<label name="focusSettingloginlabel" rect="30,2,70,14" text="登录页设置" color="#00000" v-align="center" h-align="left"/>
					</node>
				</button>
				<button name="SettingloginCacheFocus" rect="0,0,0,0" OnKeyUp="ButtonKeyUp"/>   <!--description：用于缓存显示Settinglogin按钮的焦点 Author：黄学峰-->
				<list-item name="button-2" rect="0,0,240,88">
					<button name="Settingdownload" rect="0,0,205,21" normal="normal" focus="focus" border="false" OnSelect="SettingdownOnselect" OnKeyUp="ButtonKeyUp">
						<node name="normal">
							<image rect="0,0,205,21" src="file:///image/Setting/bz_list_bg.png"/>
							<image name="buttonNormal2" rect="5,4,14,15" src="file:///image/common/yjt.png"/>
							<label name="normalSettingdownloadlabel" rect="30,2,100,14" text="下载路径设置" color="#00000" v-align="center" h-align="left"/>
						</node>
						<node name="focus">
							<image rect="0,0,205,21" src="file:///image/Setting/bz_list_bg.png"/>
							<image rect="5,4,14,15" src="file:///image/common/yjt.png"/>
							<label name="focusSettingdownloadlabel" rect="30,2,100,14" text="下载路径设置" color="#00000" v-align="center" h-align="left"/>
						</node>
					</button>
					<button name="SettingdownloadCacheFocus" rect="0,0,0,0" OnKeyUp="ButtonKeyUp"/>  <!--description：用于缓存显示Settingdownload按钮的焦点 Author：黄学峰-->

					<node name="DownloadButtonGroup" rect="0,0,205,200">
						<button name="mobile" rect="5,30,205,23" normal="normal" focus="focus" border="false" OnSelect="DownButtonSelect" OnKeyUp="ButtonKeyUp">
							<node name="normal">
								<image name="normalImage" rect="5,0,205,21" src="file:///image/Setting/dg_dx2.png"/>
								<label name="normalmobilelabel" rect="24,-2,205,14" text="存储在手机内置存储卡" color="#00000" v-align="center" h-align="left"/>
							</node>
							<node name="focus">
								<image rect="5,0,205,21" src="file:///image/Setting/dg_dx1.png"/>
								<label name="focusmobilelabel" rect="24,-2,205,14" text="存储在手机内置存储卡" color="#00000" v-align="center" h-align="left"/>
							</node>
						</button>
						<button name="mobileCacheFocus" rect="0,0,0,0" OnKeyUp="ButtonKeyUp"/> <!--description：用于缓存显示mobile按钮的焦点 Author：黄学峰-->
						
						<button name="card" rect="5,55,205,23" normal="normal" focus="focus" border="false" OnSelect="DownButtonSelect" OnKeyUp="ButtonKeyUp">
							<node name="normal">
								<image name="normalImage" rect="5,0,205,21" src="file:///image/Setting/dg_dx2.png"/>
					    			<label name="normalcardlabel" rect="24,-2,205,14" text="存储在手机外置存储卡" color="#00000" v-align="center" h-align="left"/>
							</node>
							<node name="focus">
								<image rect="5,0,205,21" src="file:///image/Setting/dg_dx1.png"/>
					    			<label name="focuscardlabel" rect="24,-2,205,14" text="存储在手机外置存储卡" color="#00000" v-align="center" h-align="left"/>
							</node>
						</button>
						<button name="cardCacheFocus" rect="0,0,0,0" OnKeyUp="ButtonKeyUp"/> <!--description：用于缓存显示card按钮的焦点 Author：黄学峰-->
					</node>
				</list-item>

				<button name="ok" rect="65,170,49,23" normal="normal" focus="focus" border="false" OnSelect="okButtonOnSelect" OnKeyUp="ButtonKeyUp">
					<node name="normal">
						<image rect="0,0,40,27" src="file:///image/dialog/ok.png"/>
					</node>
					<node name="focus">
						<image rect="0,0,40,27" src="file:///image/dialog/ok_alt.png"/>
					</node>
				</button>
			
				<button name="cancel" rect="125,170,49,23" normal="normal" focus="focus" border="false" OnSelect="cancelButtonOnSelect" OnKeyUp="ButtonKeyUp">
					<node name="normal">
						<image rect="0,0,40,27" src="file:///image/dialog/cancel.png"/>
					</node>
					<node name="focus">
						<image rect="0,0,40,27" src="file:///image/dialog/cancel_alt.png"/>
					</node>
				</button>
			</list-item>
		</list>
	</body>
</root>
