﻿<?xml version="1.0" encoding="utf-8"?>
<root>
	<header>
		<script src="file://menusearch.lua" />
	</header>
	<body BuildChildrenFinished="bodyBuildChildrenFinished" OnPluginEvent="bodyOnPluginEvent" focus="edittext" OnSpriteEvent="bodyOnSpriteEvent">
		<node name="background" active="false" enable="false">
			<image name="body" rect="0,28,240,274" src="file:///image/common/background.png" />
			<image name="caption" rect="0,0,240,28" src="file:///image/common/caption.png" />
		</node>
		<!--<button name="hidecombolist_upper" rect="0,0,240,83" enable="0" OnSelect="HideComboboxlist"/>-->
		<battery-signal rect="0,0,240,28" image-battery="file:///image/common/battery.png" image-signal="file:///image/common/signal.png" image-degree="file:///image/common/degree.png" number-degree="4" position-battery="150,8" position-signal="180,8" position-time="207,8"/>
	
	<!--关键字搜索-->	
	<list name="keyword-search" rect="0,0,240,320" col="1" line="6" current="0">	
		<!--Start 搜索区域-->
		<list-item name="search-region" rect="0,28,240,25">
			<node active="false" enable="false">
				<image rect="0,0,240,54" style="tile" src="file:///image/home/search-bg.png" />
			</node>
			<list name="search-list" rect="0,0,230,25" col="2" line="1">
				<!--Start 搜索区域搜索框-->
				<list-item name="search-box" rect="5,6,191,23">
					<button name="edittext" rect="0,0,191,23" normal="searchEditNormal" focus="searchEditFocus" OnLostFocus="TextOnSelected" mushroom="true" OnKeyUp="editTextKeyUp" >
						<image name="searchEditNormal" rect="0,0,191,23" src="file:///image/home/searchframe.png" />					
						<image name="searchEditFocus" rect="0,0,191,23" src="file:///image/home/searchframesel.png" />					
						<edit name="searchEdit" rect="25,0,166,20" text="" title="搜索关键字" color="#004070" v-align="center" h-align="left" frame="true" OnTextChanged="editTextOnTextChanged" OnKeyUp="editTextKeyUp" max-size="12" />
					</button>
				</list-item>
				<!--End-->
				<!--Start 关键字搜索图片按钮-->
				<list-item name="search-button" rect="196,6,39,23" >
					<button name="searchButton" rect="0,0,39,23" normal="searchButtonNormal" focus="searchButtonFocus" OnSelect="searchButtonOnSelect" OnKeyUp="SearchBtnKeyUp" >
						<image name="searchButtonNormal" rect="0,0,39,23" src="file:///image/home/search-bt.png" />
						<image name="searchButtonFocus" rect="0,1,39,23" src="file:///image/home/search-bt2.png" />
					</button>
				</list-item>
				<!--End-->
				<!--
				<node rect="187,6,50,23" frame="true" mushroom="false">
					<button name="advanced" rect="0,0,50,23" normal="normal" focus="focus" OnSelect="AdsearchButtonOnSelect" OnKeyUp="advancedKeyUp">
						<image name="normal" rect="2,5,13,13" src="file:///image/dialog/boxunselected.png" />
						<image name="focus" rect="2,5,13,13" src="file:///image/dialog/boxunselected_focus.png" />
						<label name="" rect="20,3,50,14" text="高级" color="#075DA1"/>
					</button>
					<button name="closeadvanced" rect="0,23,50,23" normal="normal" focus="focus" OnSelect="CloseAdsearchOnSelect" OnKeyUp="advancedKeyUp">
						<image name="normal" rect="2,5,13,13" src="file:///image/dialog/boxselected.png" />
						<image name="focus" rect="2,5,13,13" src="file:///image/dialog/boxselected_focus.png" />
						<label name="" rect="20,3,50,14" text="高级" color="#075DA1"/>
					</button>
				</node>
				-->
			</list>
		</list-item>
		<!--End-->
		
		<!--Start 热门关键字搜索列表-->
		<list-item name="hot-keywords" rect="5,59,230,233">
			<node rect="0,0,230,233" active="true" enable="false">
  				<image rect="0,0,230,233" src="file:///image/common/tongyong_1.png" />
			</node>
			<list name="search-keywordslist" rect="0,0,230,233">
			</list>
			<list name="search-keywordslist-line" rect="0,0,230,233" line="9" col="1" auto-adjust="true" offset="0,0" border="false" >
			</list>
		</list-item>
		<!--End-->
	</list>
	<!--End-->
	<!--
	<node name="advanced_searcharea" rect="0,58,240,25" visible="0">
		<shadow rect="0,0,240,262" alpha="128" color="#000000"/>
		<node name="advanced_frame" rect="0,0,240,160" frame="1">
		</node>
		<button name="hidecombolist_lower" rect="0,0,240,262" enable="0" OnSelect="HideComboboxlist"/>
	</node>
	-->
	<node name="loadarea" rect="0,0,240,320"></node>
	<node name="scapegoat"></node>
  </body>
</root>
