﻿<?xml version="1.0" encoding="utf-8"?>
<root>
	<header>
	</header>
	<body>
		<image rect="0,0,1,19" src="file:///image/advancedsearch/vline.png" />
		<image rect="89,0,1,19" src="file:///image/advancedsearch/vline.png" />
		<image rect="0,19,90,1" src="file:///image/advancedsearch/hline.png" />
		<button name="searchButton" rect="0,0,70,19" normal="normal" focus="focus" OnSelect="combobox1ItemOnSelect" OnKeyUp="comboboxItemKeyUp">
			<node name="normal">
				<image rect="1,0,88,19" style="tile" src="file:///image/advancedsearch/item_bg_n.png" />
				<label name="comboboxitem_textn" rect="10,0,62,17" text="" color="#075DA1" postfix="." v-align="center" h-align="left"/>
			</node>
			<node name="focus">
				<image rect="1,0,88,19" style="tile" src="file:///image/advancedsearch/item_bg.png" />
				<label name="comboboxitem_textf" rect="10,0,62,17" text="" color="#f0f0f0" postfix="." v-align="center" h-align="left"/>
			</node>
		</button>
	</body>
</root>