﻿<?xml version="1.0" encoding="utf-8"?>
<!--module messagepannel-->
<!--note 一般界面中的消息提示面板-->
<!--author cuiyizhou-->
<!--date 2010/05/26-->
<root>
	<header>
		<script src="file://messagepanel.lua" />
	</header>
	<body BuildChildrenFinished="bodyBuildChildrenFinished" OnPluginEvent="OnPluginEvent" OnSpriteEvent = "voteSpriteEvent">
		<list name="panelarea" rect="0,0,240,320" col="1" line="1" current="0">
			<list-item name="recommendframe-panelarea" rect="0,200,240,180">
				<image rect="5,3,230,4" src="file:///image/common/bord1.png" />
				<image name="panelarea-adjustable" rect="5,7,230,90" style="tile" src="file:///image/common/bord2.png" />
				<image rect="13,0,214,21" src="file:///image/common/sc_hcqsz.png" />
				<label name="panelarea-title" rect="0,2,240,20" h-align="center" color="#F0F0F0" text="这里是提示板的标题" />
				<label name="panelarea-title2" rect="1,2,240,20" h-align="center" color="#F0F0F0" text="这里是提示板的标题" />
				<!--start这个list根据不同页面加载不同数据-->
				<list name="panelarea-items"  rect="0,0,240,100" col="1" line="5" current="0">
				</list>
				<!--end-->
			</list-item>
		</list>
		<node name="loadarea_m" rect="0,0,240,320" >
		</node>
		<button name="messagepanel-boardup" rect="0,0,240,200" enable="true" OnMouseUp="messageBoardOnMouseUp" OnKeyUp="messagepanelReturn"/>
		<button name="messagepanel-boarddown" rect="0,297,240,23" enable="true" OnMouseUp="messageBoardOnMouseUp"/>
	</body>
</root>
