﻿<?xml version="1.0" encoding="utf-8"?>
<!--module monthlist-->
<!--note 大包月提示信息-->
<!--author zuoran-->
<!--date 2010/07/05-->
<root>
	<header>
		<script src="file://monthlist.lua" ></script>
	</header>
	<body BuildChildrenFinished="bodyBuildChildrenFinished" OnPluginEvent="OnPluginEvent" >
		<node name="back-scene" rect="0,0,240,320" active="false" enable="false"/>
		<node name="back-scene" rect="0,0,240,320" active="false" enable="false"/>
		<!--nice-->	<shadow rect="0,0,240,320" alpha="128"  />  
		<node name= "monthlist" rect="0,197,230,100">			
			<image rect="5,7,230,95" style="tile" src="file:///image/common/bord2.png" />				
			<image rect="5,3,230,4" src="file:///image/common/bord1.png" />
			<image rect="13,0,214,21" src="file:///image/common/sc_hcqsz.png" />			
			<label name="dialog-title" rect="0,2,240,20" h-align="center" color="#F0F0F0" text="请选择进入栏目" />
			<label name="dialog-title2" rect="1,2,240,20" h-align="center" color="#F0F0F0" text="请选择进入栏目" />
			<node active="false" enable="false" rect = "10,25,218,70" >
				<image name="blue-top" rect="0,0,218,4" src="file:///image/menuprograminfo/bord_blue_1.png" />
				<image name="blue-mid" rect="0,4,218,62" style="tile" src="file:///image/menuprograminfo/bord_blue_2.png" />
				<image name="blue-bottom" rect="0,66,218,4" src="file:///image/menuprograminfo/bord_blue_3.png" />
			</node>			
			<!--  以下信息根据设置自动调整 -->
			<list name="month-list" rect="11,15,218,70" line="3" col="3" auto-adjust="true" >
			</list>
		</node>
		<button name="messagepanel-boardup" rect="0,0,240,197" enable="true" OnMouseUp="MonthlistOnMouseUp"/>
		<button name="messagepanel-boarddown" rect="0,297,240,23" enable="true" OnMouseUp="MonthlistOnMouseUp"/>
		<node name="loadingNode3" />
  </body>
</root>