<?xml version="1.0" encoding="utf-8"?>
<root>
<!--author Abigale-->
<!--date	2010/07/06-->
<!-- monthguidelist.xml-->
  <header>
		<script src="file://monthguidelist.lua" />
  </header>
  <body BuildChildrenFinished="bodyBuildChildrenFinished" 
		OnPluginEvent="OnPluginEvent" OnSpriteEvent="bodyOnSpriteEvent">
	
	<node rect="0,0,240,320" enable="false" active="false" >
	    <image name="bgImage" rect="0,28,240,320" src="file:///image/common/background.png" />
	    <shadow rect="0,0,240,320" alpha="128"  />
	    <image name="caption" rect="0,0,240,28" src="file:///image/common/caption.png" />
    </node>
	<battery-signal rect="0,0,240,28" image-battery="file:///image/common/battery.png" image-signal="file:///image/common/signal.png" 
			image-degree="file:///image/common/degree.png" number-degree="4" position-battery="150,8" position-signal="180,8" position-time="207,8"/>
    <scrolltext name="guide-caption" rect="10,35,240,20" text="" color="#f0f0f0" step="2" scroll="true"/>
    <list name ="guide" rect="0,60,240,240" col="1" line="2" >
      <list-item name="guid-content" rect="-18,0,230,222">
        <list name="guide-content-list" rect="23,0,192,180" col="3" line="3" current="0" start="0" offset="8,5" border="false" 
                            item-size="56,56"
                            item-icon-pos="32,20"
                            item-offset="72,70" OnKeyUp="guideMonthlistOnKeyUp" >
        </list>
        <button name="guid-content-left-arrow-button" rect="15,70,13,36" OnSelect="contentListButtonOnSelect" >
        	<image name="guid-content-left-arrow-image" rect="0,0,13,36" visible="false" src="file://image\guide\arrowleft.png" />
        </button>
        <button name="guid-content-right-arrow-button" rect="245,70,13,36" OnSelect="contentListButtonOnSelect" >
        	<image name="guid-content-right-arrow-image" rect="0,0,13,36" visible="false" src="file://image\guide\arrowright.png" />
        </button>
      </list-item>
    </list>
    <node name="loadarea" rect="0,0,240,320"></node>
	<button name="emptybutton" rect="0,0,0,0" OnKeyUp="emptyKeyUp" />
  </body>
</root>
