﻿<?xml version="1.0" encoding="utf-8"?>
<root>
  <header />
  <body >
		<button name="subject-button-1" rect="0,15,80,24" normal="subjectButtonNormal" focus="subjectButtonFocus" OnSelect="OnProgramClick">
			<node name="subjectButtonNormal">
				<image rect="0,0,50,19" src="" />
				<label name="ButtontextN" rect="0,2,71,18" h-align="center" color="#0B5495" text="" />
				<label name="ButtontextNS" postfix=".." rect="2,2,70,18" color="#0B5495" text=""/>
			</node>
			<node name="subjectButtonFocus">
				<image rect="0,0,4,19" src="file:///image/home/keywords-board1.png" />
				<image rect="4,0,62,19" style="tile" src="file:///image/home/keywords-board2.png" />
				<image rect="66,0,4,19" src="file:///image/home/keywords-board3.png" />
				<label name="ButtontextF" rect="0,2,71,18" h-align="center" color="#F0F0F0" text="" />
				<label name="ButtontextFS" postfix=".." rect="2,2,70,18" color="#F0F0F0" text=""/>
			</node>
		</button>
  </body>
</root>
