<?xml version="1.0" encoding="utf-8"?>
<root>
  <header />
  <body >
		<button name="buttonChangeName" normal="buttonNormal" focus="buttonFocus" rect="0, 0, 70, 60" OnSelect="listItemOnSelect" border="false">
			<node name="buttonNormal" rect="0,0,70,60" >
				<image name="buttonNormal" rect="0,0,70,60" src="file:///image/guidedisconnect/contentnormal.png" />
			</node>
			<node name="buttonFocus" rect="0,0,70,60" >
				<image name="buttonFocus" rect="0,0,70,60" src="file:///image/guidedisconnect/contentselected.png" />				
			</node>
			<image name="smallImg" rect="17,5,36,36" src="" />
			<scrolltext name="subjectname" rect="15,40,40,16" h-align="center" v-align="center" color="#ffffff" text="" step="1" scroll="true" />
		</button>
  </body>
</root>
