﻿<?xml version="1.0" encoding="utf-8"?>
<root>
  <header>
	<script src="file://myorder.lua" />
  </header>
  <body BuildChildrenFinished="bodyBuildChildrenFinished" OnPluginEvent="bodyOnPluginEvent" OnSpriteEvent="bodyOnSpriteEvent" >
    <node name="background" active="false" enable="false">
      <image name="body" rect="0,28,240,274" src="file:///image/common/background.png" />
      <image name="caption" rect="0,0,240,28" src="file:///image/common/caption.png"/>
		</node>
		<battery-signal rect="0,0,240,28" image-battery="file:///image/common/battery.png" image-signal="file:///image/common/signal.png" 
					image-degree="file:///image/common/degree.png" number-degree="4" position-battery="150,8" position-signal="180,8" position-time="207,8"/>
		<node name="caption" rect="0,28,240,27" >
			<image rect="0,0,240,27" src="file:///image/common/title_bg.png" style="tile"/>
			<image rect="6,6,14,16" src="file:///image/myorder/ico_dingou.png"/>
			<label rect="25,6,60,16" text="我的订购" color="#434343"/>
		</node>

		<node name="listboard" rect="3,59,234,232" frame="true" mushroom="false">
			<!-- imageboard 不是标准标签 -->
			<image rect="0,0,234,4" src="file:///image/common/bigboard1.png" />
			<image rect="0,4,234,224" src="file:///image/common/bigboard2.png" style="tile" />
			<image rect="0,228,234,4" src="file:///image/common/bigboard3.png" />
			<!--我的订购记录列表start-->
			<list name="myorder-list" rect="6,4,205,224" border="false" col="1" line="50" current="0" auto-adjust="true" >			
			</list>
			<!--end-->
		</node>
		
	<node name="loadingNode" />
	<node name="loadingNode2" />
	<button name="tempButton" rect="6,4,5,5" OnKeyUp="tempButtonKeyUp"/>
  </body>
</root>
