﻿<?xml version="1.0" encoding="utf-8"?>
<root>
	<header />		
	<body>
	<!--OnSelect="myorderitemOnSelect"-->
	
		<node name="normal"	rect="0,0,205,25" >
			<button name="item-button" rect="0,0,212,25" normal="Normal" focus="Focus" OnSelect="myorderitemOnSelect" OnKeyUp="selectedbuttonOnKeyUp">
				<image name="Focus" rect="0,0,205,25" src="file:///image/common/bg_wdxx2_jd.png" />
				<image name="Normal" rect="0,0,205,25" />
			</button>
			<image rect="5,7,12,9" src="file:///image/myorder/ico_dingou_small.png"/>
			<label name="title" text="" rect="30,6,175,14" color="#0B5495" />
		</node>
		<node name="selected" rect="0,0,205,48" >
			<image rect="0,0,205,45" src="file:///image/common/bg_wdxx2_jd.png"/>
			<image rect="5,7,12,9" src="file:///image/myorder/ico_dingou_small.png"/>
			<scrolltext name="selected-title" text="" rect="30,6,175,14" color="#FFFFFF" border="false" scroll="true"/>
			<scrolltext name="selected-feed" text="" rect="50,24,100,14" color="#FFCEE4" border="false" scroll="true"/>
			<label rect="5,23,32,15" text="资费：" color="#FFCEE4" border="false"/>			
			<button name="detail" rect="134,23,33,19" normal="Normal" focus="Focus" OnSelect="go2detailOnSelect" OnKeyUp="selectedbuttonOnKeyUp">
				<image name="Focus" rect="0,0,33,19" src="file:///image/history/jr1.png" />
				<image name="Normal" rect="0,0,33,19" src="file:///image/myorder/gotodetail2.png" />		
			</button>
			<button name="cancelorder" rect="169,23,33,19" normal="Normal" focus="Focus"  OnMouseDown="cancelorderOnMouseDown"  OnKeyUp="selectedbuttonOnKeyUp">
				<image name="Focus" rect="0,0,33,19" src="file:///image/myorder/td.png" />
				<image name="Normal" rect="0,0,33,19" src="file:///image/myorder/cancelorder2.png" />
			</button>
		</node>	
	</body>
</root>	