<?xml version="1.0" encoding="utf-8"?>
<root>
  <header>
	<script src="file://navigationdetail.lua" />
  </header>
  <body BuildChildrenFinished="bodyBuildChildrenFinished" 
		OnPluginEvent="bodyOnPluginEvent"
		OnSpriteEvent="bodyOnSpriteEvent"
	>
    <node name="background" active="false" enable="false">
      <image name="caption" rect="0,0,240,28" src="file:///image/common/caption.png" />
      <image name="body" rect="0,28,240,274" src="file:///image/common/background.png" />
    </node>
    <battery-signal rect="0,0,240,28"
                image-battery="file:///image/common/battery.png"
                image-signal="file:///image/common/signal.png"
                image-degree="file:///image/common/degree.png"
                number-degree="4"
                position-battery="150,8"
                position-signal="180,8"
                position-time="207,8"/>
    <list name ="navigation" rect="0,28,240,274" col="1" line="3" current="0">
			
		
		<!--start 第一行的背景和标签-->
    <list-item name="navigation-detail-label" rect="0,0,240,28">
			<node active="false" enable="false">
				<image rect="0,0,240,27" style="tile" src="file:///image/common/title_bg.png" />
			</node>
			<list name="info-list" rect="0,0,230,25" col="2" line="1">
				<list-item name="info-pic" rect="7,4,15,16">
					<node active="false" enable="false">
						<image rect="0,0,15,16" src="file:///image/navigation/icon_video.png" />
					</node>
				</list-item>
				<list-item name="info-content" rect="30,4,210,30">
						<label name="info-content-caption" rect="0,0,210,20" h-align="left" color="#585858" text="" />
				</list-item>
			</list>
		</list-item>
		<!--end-->
		
		<!--Start 不分类标签导航区域-->
	   	<list-item name="not-sort-browse" rect="0,32,230,233">
			<node active="false" enable="false">
			  <image rect="5,0,230,4" src="file:///image/common/bord1.png" />
			  <image rect="5,4,230,229" style="tile" src="file:///image/common/bord2.png" />
			  <image rect="20,3,19,20" src="file:///image/navigation/icon_title.png" />
			  <label name="channel-name-label" rect="45,3,50,20" text="" color="#846163" h-align="left" v-align="top" />
	        </node>
			<!--Start 动态创建分类浏览列表-->
			<list name="not-sort-browse-list" rect="20,25,200,82" line="9" col="2" auto-adjust="true" offset="2,2" border="false" >
			</list>
			<!--End-->
			<!--Start 分类浏览向左翻页按钮-->
			<button name="not-sort-browse-left" rect="16,221,30,14" normal="LeftNSBButtonNormal" focus="LeftNSBButtonFocus" OnSelect="btnNotSortBrowseLeftOnSelect">			
				<!--<node name="LeftSBButtonNormal" rect="0,0,30,14">-->
					<image name="not-sort-browse-left-visible" rect="0,0,30,14" src="file:///image/common/gd_left.png" />
					<image name="not-sort-browse-left-disvisible" rect="0,0,30,14" src="file:///image/common/gd_left2.png" />
				<!--</node>-->
				<!--<node name="LeftNSBButtonFocus" rect="0,0,30,14">-->
					<!--<image name="" rect="0,0,30,14" src="file:///image/common/gd_left.png" />-->
				<!--</node>-->
			</button>
			<!--End-->
			<!--Start 分类浏览向右翻页按钮-->
			<button name="not-sort-browse-right" rect="200,221,30,14" normal="RightNSBButtonNormal" focus="RightNSBButtonFocus" OnSelect="btnNotSortBrowseRightOnSelect">
				<!--<node name="RightNSBButtonNormal" rect="0,0,30,14">-->
					<image name="not-sort-browse-right-visible" rect="0,0,30,14" src="file:///image/common/gd_right.png" />
					<image name="not-sort-browse-right-disvisible" rect="0,0,30,14" src="file:///image/common/gd_right2.png" />					
				<!--</node>-->
				<!--<node name="RightNSBButtonFocus" rect="0,0,30,14">-->
					<!--<image name="" rect="0,0,30,14" src="file:///image/common/gd_right.png" />-->
				<!--</node>-->
			</button>
			<!--End-->
		</list-item>
		<!--End-->
  </list>
  	<!--start 菜单资源-->
	<list name="QuickLauncherBar" rect="0,0,240,320">
	</list>
	<!--end-->
	<node name="loadarea" rect="0,0,240,320">
	</node>
  </body>
</root>