﻿<?xml version="1.0" encoding="utf-8"?>
<root>
  <header />
  <body >
				<!--按钮的选中和非选中状态-->
				<button name="buttonChangeName" normal="buttonNormal" focus="buttonFocus" OnSelect="btnOnSelect">
					<node name="buttonNormal">
						<image name="img_n" src="file:///image/navigation/piece.png" />
						<label name="navigationlist-label" text="" color="#0B5290" h-align="center" v-align="center" />
					</node>
					<node name="buttonFocus">
						<image name="img_f" src="file:///image/navigation/selectpiece.png" />
						<label name="navigationlist-label1" text="" color="#ffffff" h-align="center" v-align="center" />
					</node>
				</button>
				
  </body>
</root>
