﻿<?xml version="1.0" encoding="utf-8"?>
<root>
  <header>
	<script src="file://navigation.lua" />
  </header>
  <body BuildChildrenFinished="bodyBuildChildrenFinished" OnPluginEvent="bodyOnPluginEvent" OnSpriteEvent="bodyOnSpriteEvent">
    <node name="background" active="false" enable="false">
      <image name="caption" rect="0,0,240,28" src="file:///image/common/caption.png" />
      <image name="body" rect="0,28,240,274" src="file:///image/common/background.png" />
    </node>
    <battery-signal rect="0,0,240,28" image-battery="file:///image/common/battery.png" image-signal="file:///image/common/signal.png" image-degree="file:///image/common/degree.png" number-degree="4" position-battery="150,8" position-signal="180,8" position-time="207,8"/>
	
    <list name ="hot-recommed" rect="0,28,240,274" col="1" line="3" current="0">

	<!--start 第一行的背景和标签-->
    <list-item name="navigation-label" rect="0,0,240,28">
			<node active="false" enable="false">
				<image rect="0,0,240,27" style="tile" src="file:///image/common/title_bg.png" />
			</node>
			<list name="info-list" rect="0,0,230,25" col="2" line="1">
				<list-item name="info-pic" rect="7,4,15,16">
					<node active="false" enable="false">
						<image rect="0,0,15,16" src="file:///image/navigation/icon_video.png" />
					</node>
				</list-item>
				<list-item name="info-content" rect="30,4,210,30">
						<label name="info-content-caption" rect="0,0,210,20" h-align="left" color="#585858" text="" />
				</list-item>
			</list>
		</list-item>
	<!--end-->	
		
		<!--Start 分类浏览区域-->
	   	<list-item name="sort-browse" rect="0,32,230,114">
			<node active="false" enable="false">
			  <image rect="5,0,230,4" src="file:///image/common/bord1.png" />
			  <image rect="5,4,230,106" style="tile" src="file:///image/common/bord2.png" />
			  <image rect="5,110,230,4" src="file:///image/common/bord3.png" />
			  <image rect="20,3,19,20" src="file:///image/navigation/icon_title.png" />
			  <label name="" rect="45,3,50,20" text="分类浏览" color="#846163" h-align="left" v-align="top" />
	        </node>
			<!--Start 动态创建分类浏览列表-->
			<list name="sort-browse-list" rect="20,25,200,82" line="4" col="2" auto-adjust="true" offset="4,2" border="false" >
			</list>
			<!--End-->
			<!--Start 分类浏览向左翻页按钮-->
			<button name="sort-browse-left" rect="2,40,14,24"  normal="LeftSBButtonNormal" focus="LeftSBButtonFocus" OnSelect="btnSortBrowseLeftOnSelect">			
				<image name="sort-browse-left-visible" rect="0,0,14,29" src="file:///image/common/btgdleftable.png" />
				<image name="sort-browse-left-disvisible" rect="0,0,14,29" src="file:///image/common/btgdleftdisable.png" />
			</button>
			<!--End-->
			<!--Start 分类浏览向右翻页按钮-->
			<button name="sort-browse-right" rect="224,40,14,24" normal="RightSBButtonNormal" focus="RightSBButtonFocus" OnSelect="btnSortBrowseRightOnSelect">
				<image name="sort-browse-right-visible" rect="0,0,14,29" src="file:///image/common/btgdrightable.png" />
				<image name="sort-browse-right-disvisible" rect="0,0,14,29" src="file:///image/common/btgdrightdisable.png" />
			</button>
			<!--End-->
		</list-item>
		<!--End-->
		
		<!--Start 热门推荐-->
		<list-item name="hot-recommed" rect="0,150,230,114">
			<node active="false" enable="false">
				<image rect="5,0,230,4" src="file:///image/common/bord1.png" />
				<image rect="5,4,230,106" style="tile" src="file:///image/common/bord2.png" />
				<image rect="5,110,230,4" src="file:///image/common/bord3.png" />
				<image rect="20,3,19,20" src="file:///image/navigation/icon_title.png" />
				<label name="" rect="45,3,50,20" text="热门推荐" color="#846163" h-align="left" v-align="top" />
        	</node>
			<!--Start 动态创建热门推荐列表-->
			<list name="hot-recommed-list" rect="20,23,200,82" line="4" col="2" auto-adjust="true" offset="4,2" border="false" >
			</list>
			<!--End-->
			<!--Start 热门推荐向左翻页按钮-->
			<button name="hot-recommed-left" rect="2,40,14,24" normal="RightHRButtonNormal" focus="RightHRButtonFocus" OnSelect="btnHotRecommendLeftOnSelect">
				<image name="hot-recommend-left-visible" rect="0,0,14,29" src="file:///image/common/btgdleftable.png" />
				<image name="hot-recommend-left-disvisible" rect="0,0,14,29" src="file:///image/common/btgdleftdisable.png" />
				
			</button>
			<!--End-->
			<!--Start 热门推荐向右翻页按钮-->
			<button name="hot-recommed-right" rect="224,40,14,24" normal="RightHRButtonNormal" focus="RightButtonFocus" OnSelect="btnHotRecommendRightOnSelect">
				<image name="hot-recommend-right-visible" rect="0,0,14,29" src="file:///image/common/btgdrightable.png" />
				<image name="hot-recommend-right-disvisible" rect="0,0,14,29" src="file:///image/common/btgdrightdisable.png" />
			</button>
			<!--End-->
		</list-item>
		<!--End-->
  </list>
  		<!--start 菜单资源-->
		<list name="QuickLauncherBar" rect="0,0,240,320">
		</list>
		<!--end-->
		<node name="loadarea" rect="0,0,240,320">
		</node>
  </body>
</root>