﻿<?xml version="1.0" encoding="utf-8"?>
<root>
	<header>
		<script src="file://orderproduct.lua" />
	</header>
	<body BuildChildrenFinished="bodyBuildChildrenFinished" OnPluginEvent="OnPluginEvent" OnSpriteEvent="bodyOnSpriteEvent">
	<image name="background" rect="0,28,240,274" src="file:///image//common//background.png" />
	<image name="caption" rect="0,0,240,28"  src="file:///image//common//caption.png" />
	<node name="event" OnSpriteEvent="OnSpriteEvent2"/>
	<node name="eventForReturn" OnSpriteEvent="OnSpriteEventForReturn"/>
	<battery-signal rect="0,0,240,28" image-battery="file://image/common/battery.png" image-signal="file://image/common/signal.png" image-degree="file://image/common/degree.png" number-degree="4" position-battery="150,8" position-signal="180,8" position-time="207,8"/>
	<list name="productorder"  rect="0,0,240,320" col="1" line="5" current="0">
		<list-item name="productorder-title" rect="0,28,240,54" active="false" enable="false">
			<image rect="0,0,240,27" style="tile" src="file:///image/common/title_bg.png" />
			<image rect="5,5,15,16" src="file:///image/productorder/ico_dingou.png" />
			<label rect="25,5,60,20" h-align="left" color="#585858" text="产品订购" />
			<image rect="81,10,3,5" src="file:///image/common/jtx4.png" visible="false"/>
			<label name="productname" rect="90,5,60,20" h-align="left" color="#585858" text="" visible="false" />
		</list-item>		
		<list-item name="product-background" rect="0,58,240,220">		
				<node active="false" enable="false">
					<image rect="5,0,230,4" src="file:///image/common/bord1.png" />
					<image rect="5,4,230,230" style="tile" src="file:///image/common/bord2.png" />
					<image rect="5,233,230,4" src="file:///image/common/bord3.png" />
				</node>
		</list-item>							
		<list-item name="product-info" rect="0,58,240,92">	
			<label rect="13,8,60,20" h-align="left" color="#585858" text="业务名称：" />
			<label rect="14,8,60,20" h-align="left" color="#585858" text="业务名称：" />
			<image rect="11,27,215,1" style="tile" src="file:///image/help/dotline.png" />
			<label rect="13,32,60,20" h-align="left" color="#585858" text="业务介绍：" />
			<label rect="14,32,60,20" h-align="left" color="#585858" text="业务介绍：" />
			<image rect="11,128,215,1" style="tile" src="file:///image/help/dotline.png" />
			<label rect="13,138,62,20" h-align="left" color="#585858" text="资费：" />
			<label rect="14,138,62,20" h-align="left" color="#585858" text="资费：" />
			<button name="product-order" rect="100,204,40,27" normal="normal" focus="focus" visible="0" enable="0" OnSelect="orderbuttonOnSelect">
				<image name="normal" rect="0,0,40,27" src="file:///image/productorder/dg1.png" />
				<image name="focus" rect="0,0,40,27" src="file:///image/productorder/dg2.png" />
			</button>
		</list-item>
		<textarea name="product-introduce" frame="true" rect="12,105,216,80" color="#585858" line-height="15" loop="true" step="1" text="" border="false"/>
		<scrolltext name="product-name" rect="78,66,150,20" h-align="left" color="#585858" text="" scroll="true" />		
		<list-item name="product-orderfeelist" rect="0,190,240,92">
			<label name="fee1" rect="50,6,100,20" h-align="left" color="#585858" text="" />
			<button name="product-orderfee1" rect="187,0,44,27" normal="normal" focus="focus" OnSetFocus="orderfeeOnButtonClick" OnKeyUp="clickOrderProduct" OnSelect="orderbuttonOnSelect" >
				<node name="normal">
					<image name="normalimg" rect="0,0,44,27" src="file:///image/productorder/dg1.png" />					
				</node>
				<node name="focus">
					<image name="focusimg" rect="0,0,44,27" src="file:///image/productorder/dg2.png" />		 			
				</node>			
			</button>
			
			<label  name="fee2" rect="50,32,100,20" h-align="left" color="#585858" text="" />
			<button name="product-orderfee2" rect="187,27,150,27" normal="normal" focus="focus" OnSetFocus="orderfeeOnButtonClick" OnKeyUp="clickOrderProduct" OnSelect="orderbuttonOnSelect" >
				
				<node name="normal">
					<image name="normalimg" rect="0,0,44,27" src="file:///image/productorder/dg1.png" />					
				</node>
				<node name="focus">
					<image name="focusimg" rect="0,0,44,27" src="file:///image/productorder/dg2.png" />					
				</node>			
			</button>
			
<label  name="fee3" rect="50,58,100,20" h-align="left" color="#585858" text="" />
<button name="product-orderfee3" rect="187,54,150,27" normal="normal" focus="focus" OnSetFocus="orderfeeOnButtonClick" OnKeyUp="clickOrderProduct" OnSelect="orderbuttonOnSelect" >	
				
				<node name="normal">
					<image name="normalimg" rect="0,0,44,27" src="file:///image/productorder/dg1.png" />					
				</node>
				<node name="focus">
					<image name="focusimg" rect="0,0,44,27" src="file:///image/productorder/dg2.png" />					
				</node>			
			</button>
		</list-item>		
	</list>
	<node name="debug">
		<label name="status-forground" rect="1,301,240,20" h-align="center" color="#404040" text="" />
		<label name="status-background" rect="0,300,240,20" h-align="center" color="#F0F0F0" text="" />
		<label name="FindMe" rect="1,200,240,20" h-align="center" color="#404040" text="" />
	</node>
	<node name="dialogInterface" OnSpriteEvent="DialogSpriteEvent"/>
	<node name="dialogInterface2" OnSpriteEvent="DialogSpriteEvent2"/>
	<node name="loadarea" rect="0,0,240,320" />
  </body>
</root>
