﻿
<?xml version="1.0" encoding="utf-8"?>
<root>
	<header>
		<script src="file://orderdetail.lua" />
	</header>
	<body BuildChildrenFinished="bodyBuildChildrenFinished" 
		OnPluginEvent="bodyOnPluginEvent"
		OnSpriteEvent="bodyOnSpriteEvent"
		OnSetFocus="button-back"
	>
		<!--<list name="main" rect="0,0,240,320" col="1" line="1" current="0">-->
			<image name="body" rect="0,28,240,274" src="file:///image/common/background.png" />
			<image name="caption" rect="0,0,240,28" src="file:///image/common/caption.png" />
			<battery-signal rect="0,0,240,28" image-battery="file:///image/common/battery.png" 
			image-signal="file:///image/common/signal.png" image-degree="file:///image/common/degree.png" 
			number-degree="4" position-battery="150,8" position-signal="180,8" position-time="207,8"/>			
			<node name="event4return" OnSpriteEvent="returnOnSpriteEvent" />
			<image name="title" rect="0,30,240,28" style="tile" src="file:///image/common/title_bg.png" />
			<image name="title_logo" rect="5,35,20,20" src="file:///image/myorder/ico_dingou.png" />
			<label name="title_txt" rect="25,28,70,28" text="我的订购" color="#585858" h-align="left" v-align="center"/>  
			
			<image rect="81,38,3,5" src="file:///image/common/jtx4.png" />
			<label name="productname" rect="90,36,148,20" h-align="left" color="#585858" text="你的名字" />
			
			<image rect="3,65,234,4" src="file:///image/common/bigboard1.png" />
			<image rect="3,69,234,217" style="tile" src="file:///image/common/bigboard2.png" />
			<image rect="3,285,234,4" src="file:///image/common/bigboard3.png" />
<!--just from here  name="distinct-introduce"-->			
			<list name="recommend-introduce" border="false" rect="0,65,240,320">
				<label rect="15,0,60,25" text="业务名称:" color="#585858" h-align="left" v-align="center"/>	
				<label rect="16,0,60,25" text="业务名称:" color="#585858" h-align="left" v-align="center"/>	
				<scrolltext name="product-name" rect="72,0,165,25" text="" color="#585858" h-align="left" v-align="center" scroll="true" step="2" />	
				<image name="content_line" rect="12,25,215,1" style="tile" src="file:///image/common/line.png" />
				<label rect="15,25,75,25" text="业务介绍:" color="#585858" h-align="left" v-align="center"/>
				<label rect="16,25,75,25" text="业务介绍:" color="#585858" h-align="left" v-align="center"/>
				<image name="content_line" rect="12,154,215,1" style="tile" src="file:///image/common/line.png" />
				<label rect="12,155,215,24" text="资费:" color="#585858" h-align="left" v-align="center"/>
				<label rect="13,155,215,24" text="资费:" color="#585858" h-align="left" v-align="center"/>
				<label name="product-feed" rect="45,155,215,24" text="" color="#585858" h-align="left" v-align="center"/>
				<image name="content_line" rect="12,178,215,1" style="tile" src="file:///image/common/line.png" />
				
				<textarea  name="product-detail" frame="true" rect="20,47,200,105" color="#585858" 
							line-height="15" loop="true" step="1" top="0" text="" />
			</list>
			<list-item name="item-Button" rect="20,250,200,30" frame="true" border="false">			
				<button name="button-back" rect="80,0,40,25" OnSelect="buttonOnSelect" OnKeyUp="orderDetailCancel" normal="Normal" focus="Selected">                  
					<image name="Normal" rect="0,0,40,25" src="file:///image/common/td1.png" visible="true"/>
					<image name="Selected" rect="0,1,40,27" src="file:///image/common/td2.png" visible="false"/> 
				</button>
			</list-item>
			<!--
	<list name="QuickLauncherBar" rect="0,0,240,320">
	</list>-->
	</body>
</root>