﻿<?xml version="1.0" encoding="utf-8"?>
<root>
  <!--module paihang-->
  <!--note 用于排行榜界面的显示-->
  <!--author shenyi-->
  <!--date 2010/05/27-->
  <header>
	  <script src="file://paihang.lua" />
  </header>
  <body BuildChildrenFinished="bodyBuildChildrenFinished" 
		OnPluginEvent="OnPluginEventPh" 
		OnSpriteEvent="bodyOnSpriteEventPh"
		
	>
	<!--start 背景图-->	
    <node name="background" active="false" enable="false"> 
	  <image name="body" rect="0,28,240,274" src="file:///image/common/background.png" />
    <image name="caption" rect="0,0,240,28" src="file:///image/common/caption.png" />
	</node>
	<battery-signal rect="0,0,240,28" image-battery="file:///image/common/battery.png" image-signal="file:///image/common/signal.png" 
					image-degree="file:///image/common/degree.png" number-degree="4" position-battery="150,8" position-signal="180,8" position-time="207,8"/>
	<!--end-->
	<list name="paihang" rect="0,0,240,320" col="1" line="2" current="0">
		<list-item name="top-region" rect="0,28,240,30">
			<!--start 顶端背景图-->
			<node active="false" enable="false">
				<image name="topimage" rect="0,0,240,30" src="file:///image/paihang/jiaodian_bg.png" />
			</node>
			<!--end-->
			<!--start 左侧按钮-->
			<button name="leftButton" rect="0,0,12,27"  normal="normal" focus="focus" OnSelect="leftButtonOnSelect">
				<node name="normal" rect="0,10,4,7">
					<image name="left-image" rect="0,0,4,7" src="file:///image/paihang/jiaodian_left.png" />
				</node>
				<node name="focus" rect="0,10,4,7">
					<image name="left-image1" rect="0,0,4,7" src="file:///image/paihang/jiaodian_left1.png" />
				</node>				
			</button>
			<!--end-->
			<!--start 右侧按钮-->
			<button name="rightButton" rect="224,0,15,27" normal="normal" focus="focus" OnSelect="rightButtonOnSelect">
				<node name="normal" rect="10,10,4,7">
					<image name="right-image" rect="0,0,4,7" src="file:///image/paihang/jiaodian_right.png" />
				</node>
				<node name="focus" rect="10,10,4,7">
					<image name="right-image1" rect="0,0,4,7" src="file:///image/paihang/jiaodian_right1.png" />
				</node>		
			</button>			
			<!--end-->
			<!--start 顶端菜单列表-->
			<list name="top-list" rect="0,0,240,30" col="5" line="1">
			</list>
			<!--end-->
		</list-item>
		<node active="false" enable="false">
			<image rect="5,58,230,233" src="file:///image/common/tongyong_1.png" />
		</node>	
		<list-item name="paihang-region" rect="4,60,230,233" frame="true" mushroom="false">
			<!--start 排行列表-->
			<list name="paihang-list" rect="0,6,230,223" col="1" line="10" auto-adjust="true">
			</list>
			<!--end-->
		</list-item>
	</list>
	<node name="loadarea" rect="0,0,240,320">
	</node>
	<button name="tempButton" rect="6,4,5,5" OnKeyUp="tempButtonKeyUp"/>
  </body>
</root>
