﻿<?xml version="1.0" encoding="utf-8"?>
<root>
  <!--module paihang-->
  <!--note 排行界面排行列表的xml文件-->
  <!--author shenyi-->
  <!--date 2010/05/27-->
  <header />
  <body >
	<node name="unselect" rect="0,0,222,25">
		<button name="item-button" rect="0,0,0,0" normal="buttonNormal" focus="buttonFocus"    OnSelect="itemButtonOnSelect" OnKeyUp="playButtonOnKeyUp">
				<node name="buttonNormal" >
					
				</node>
				<node name="buttonFocus" >
					<image  rect="0,0,212,23"  src="file:///image/common/bg_wdxx2_jd.png" />
				</node>
		</button>
		<image name="paixu-image" rect="7,4,15,15" src="file:///image/paihang/one.png" />
		<label name="item-text" h-align="left" rect="30,5,140,19" color="#0B5495" text="" scroll="true" postfix="..."/>
		<label name="play-count" h-align="center" rect="170,6,40,19" color="#228888" text="" scroll="true"/>		
		<button name="paihang-button" rect="0,0,212,25" OnSelect="paihangButtonOnSelect" />
		<image name="fengge-image" rect="3,24,205,1" style="tile" src="file:///image/help/dotline.png"/>
	</node>
	<node name="select" rect="0,0,222,48">
		<image rect="5,0,205,45" src="file:///image/favorite/bg_wdsc_jd.png" />
		<image name="paixu-image1" rect="7,4,15,15" src="file:///image/paihang/one.png" />
		<scrolltext name="item-text1" h-align="left" rect="30,5,100,19" color="#ffffff" text="" scroll="true"/>
		<label name="play-count1" h-align="right" rect="130,6,40,19" color="#228888" text="" scroll="true"/>
		
		
		<list name="list-video-caption-stars" rect="28,24,76,12" col="5" line="1" offset= "4,0">
					<image rect="0,0,12,12" src="file:///image/menuprograminfo/star2.png"  />
					<image rect="16,0,12,12" src="file:///image/menuprograminfo/star2.png"  />
					<image rect="32,0,12,12" src="file:///image/menuprograminfo/star2.png"  />
					<image rect="48,0,12,12" src="file:///image/menuprograminfo/star2.png"  />
					<image rect="64,0,12,12" src="file:///image/menuprograminfo/star2.png"  />
					<!--start 这里用星星显示评分，改变rect即可改变显示星星的多少-->
					<node name="starlevel" frame="true" rect="0,0,76,12">
						<image rect="0,0,12,12" src="file:///image/menuprograminfo/star1.png"  />
						<image rect="16,0,12,12" src="file:///image/menuprograminfo/star1.png"  />
						<image rect="32,0,12,12" src="file:///image/menuprograminfo/star1.png"  />
						<image rect="48,0,12,12" src="file:///image/menuprograminfo/star1.png"  />
						<image rect="64,0,12,12" src="file:///image/menuprograminfo/star1.png"  />
					</node>
					<!--end-->
				</list>
				
		<button name="playbutton" rect="175,4,33,19" normal="buttonNormal" focus="buttonFocus" OnSelect="playButtonOnSelect" OnKeyUp="playButtonOnKeyUp">
			<node name="buttonNormal" >
				<image name="imageNormal" rect="0,0,33,19" src="file:///image/download/bf2.png" />
			</node>
			<node name="buttonFocus" >
				<image name="imageNormal" rect="0,0,33,19" src="file:///image/download/bf1.png" />
			</node>
		</button>
		<button name="detailbutton" rect="175,24,33,19" normal="buttonNormal" focus="buttonFocus" OnSelect="detailButtonOnSelect" OnKeyUp="playButtonOnKeyUp">
			<node name="buttonNormal" >
				<image name="imageNormal" rect="0,0,33,19" src="file:///image/download/xq2.png" />
			</node>
			<node name="buttonFocus" >
				<image name="imageNormal" rect="0,0,33,19" src="file:///image/download/xq1.png" />
			</node>
		</button>
		<button name="gotobutton" rect="185,10,30,30" OnSelect="gotoButtonOnSelect" normal="btnNormal" focus="btnFocus">
			<node name="btnNormal">
				<image rect="10,8,8,14" src="file://image//product//go2label.png" />
			</node>
			<node name="btnFocus">
				<image rect="10,8,8,14" src="file:///image//product//go2label.png" />
			</node>
		</button>
				
		<image name="fengge-image1" rect="3,46,205,1" style="tile" src="file:///image/help/dotline.png"/>
	</node>
  </body>
</root>