﻿<?xml version="1.0" encoding="utf-8"?>
<root>
  <header />
  <body >
		<button name="buttonChangeName" normal="buttonNormal" focus="buttonFocus" OnSelect="channelListiItemOnSelect">
		  <node name="buttonNormal">
		    <image name="buttonNormalBgImg" src=""  />
		    <image name="buttonNormalImg" style="center" src="" />
			</node>
			<node name="buttonFocus">
		    <image name="buttonFocusBgImg" src=""  />
		    <image name="buttonFocusImg" style="center" src="" />
			</node>
		</button>
  </body>
</root>
