<?xml version="1.0" encoding="utf-8"?>
<root>
  <header>
		<script src="file://product.lua" />
  </header>
  <body BuildChildrenFinished="bodyBuildChildrenFinished" OnPluginEvent="OnPluginEvent_product" OnSpriteEvent="bodyOnSpriteEvent_product">
	<node name="bookconfirm" OnSpriteEvent="bookconfirm"/>
	<node rect="0,0,240,320" enable="false" active="false" >
		<image name="bgImage" rect="0,28,240,320" src="file:///image/common/background.png" />
		<image name="caption" rect="0,0,240,28" src="file:///image/common/caption.png" />
    </node>
	<node name="addFavConfirm" OnSpriteEvent="addFavSpriteEvent"/>
	<battery-signal rect="0,0,240,28" image-battery="file:///image/common/battery.png" image-signal="file:///image/common/signal.png" image-degree="file:///image/common/degree.png" number-degree="4" position-battery="150,8" position-signal="180,8" position-time="207,8"/>
	<node rect="0,28,240,24" active="false" enable="false">
		<image rect="0,0,240,26" src="file:///image/product/title.png"/>
		<image rect="6,6,18,18" src="file:///image/product/ico_lb1.png"/>
	</node>
	<scrolltext rect="30,35,200,19" name="product-path" text="" color="#0" step="2" scroll="true"  h-align="left" v-align="top" />
	
	<list name="product" rect="0,0,240,320" col="1" line="2" >
    <!-- 横向滚动条 -->
  	<list-item name="product-channel" rect="0,56,240,50">
			<node active="false" enable="false">
				<image rect="5,3,230,63" src="file:///image/product/channelboard.png"/>
			</node>
			<list name="product-channel-list" rect="19,3,200,40"	col="5" line="1" current="0" border="false" >		
			</list>
			<button name="product-channel-left-arrow" rect="2,7,18,35" OnSelect="channelListButtonOnSelect" normal="normal" focus="focus">
				<node name="normal" >
					<image name="product-channel-left-arrow-image" rect="0,0,14,29" src="file:///image/common/btgdleftable.png" />
				</node>
				<node name="focus" >
					<image name="product-channel-left-arrow-image-f" rect="0,1,14,29" src="file:///image/common/btgdleftable.png" />
				</node>
			</button>
			<button name="product-channel-right-arrow" rect="222,7,18,35" OnSelect="channelListButtonOnSelect" normal="normal" focus="focus">
				<node name="normal" >
					<image name="product-channel-right-arrow-image" rect="0,0,14,29" src="file:///image/common/btgdrightable.png" />
				</node>
				<node name="focus" >
					<image name="product-channel-right-arrow-image-f" rect="0,1,14,29" src="file:///image/common/btgdrightable.png" />
				</node>
			</button>
		</list-item>
		<image name="icon-sel"	rect="17,103,10,10" src="file:///image/common/ys1.png" />
		<scrolltext name="product-channel-name" text="" rect="35,100,120,14" scroll="true" step="2" color="#18496B"/>
		<label name="product-channel-page" text="" h-align="right" rect="145,100,87,17" color="#585858"/>
		<scrolltext name="video-title" rect="22,1,140,14" text="" color="" step="2" scroll="true" />
		<!-- 栏目内容页 -->
		<list-item name="product-day-programroup-list" rect="0,98,240,240">
			<list name="product-channel-info" rect="5,0,230,196" col="1" line="2" current="0" border="false" >
				<node active="false" enable="false">
					<label name="product-channel-label" rect="15,2,226,19" text="" color="#846163" h-align="left" v-align="top" />
				</node>
				<list-item name="product-live-channel-day" rect="0,0,236,22">
					<list name="product-live-channel-day-list" rect="15,0,226,19"  line="1"  border="false" >
					</list>
				</list-item>
				<list-item name="" rect="0,27,230,168">
					<node rect="0,0,230,168" active="false" enable="false">
						<image rect="0,0,230,168" src="file:///image/product/listboard.png" />
					</node>
					<node name="productlist" frame="true" rect="5,-1,227,163" mushroom="false">
						<list name="product-programgroup-list" rect="5,0,213,163" col="1" line="6" current="0"/>
						<button name="defaultBtn1" rect="0,0,0,0" OnKeyUp="defaultBtnKeyUp" />
					</node>
					<node name="livelist" frame="true" rect="5,4,222,163" mushroom="false">
						<list name="product-programgroup-list-live" rect="0,0,222,163" col="1" line="6" current="0" />
						<button name="defaultBtn" rect="0,0,0,0" OnKeyUp="defaultBtnKeyUp" />
					</node>
					<button name="leftArrow" rect="8,157,29,14" normal="normal" visible="false" focus="focus" OnSelect="listUpButtonOnSelect" >
						<node name="normal">
							<image name="leftbutton_normal" rect="0,0,29,14" src="file:///image/common/gd_left2.png" />
						</node>
						<node name="focus">
							<image name="leftbutton_focus" rect="0,1,29,14" src="file:///image/common/gd_left2.png" />
						</node>
					</button>
					<button name="rightArrow" rect="195,157,29,14" normal="normal" visible="false" focus="focus" OnSelect="listDownButtonOnSelect" >
						<node name="normal">
							<image name="rightbutton_normal" rect="0,0,29,14" src="file:///image/common/gd_right.png" />
						</node>
						<node name="focus">
							<image name="rightbutton_focus" rect="0,1,29,14" src="file:///image/common/gd_right.png" />
						</node>
					</button>
				</list-item>
			</list>
		</list-item>
	</list>
	<image name="back-progress" rect ="0,22,0,0" src="file:///image/home/homereload_bg.png" />
	<image name="fore-progress" rect="0,22,0,0" src="file:///image/home/homereload_fc.png" />	
 	<node name="loadarea" rect="0,0,240,320"></node>
	<button name="defaultButton" rect="0,0,0,0" OnKeyUp="channelListItemKeyUp" />
	</body>
</root>
