﻿<?xml version="1.0" encoding="utf-8"?>
<!--module QuickLauncherBar-->
<!--note 底部菜单-->
<!--author chenzhongjie-->
<!--date 2010/05/25-->
<root>
	<header>
		<script src="file://quicklauncherbar.lua" />
	</header>
	<body BuildChildrenFinished="bodyBuildChildrenFinished" OnPluginEvent="OnPluginEvent">
		<node name="event" OnSpriteEvent="OnSpriteEvent"/>
		<!--start 底部菜单-->
		<node name="quicklauncherbar" rect="0,0,240,320">
			<!--start 菜单按钮-->
			<button name="menu" rect="0,297,40,23" normal="normal" focus="focus" OnSelect="menuButtonOnSelect">
    			<image name="normal" rect="0,0,40,23" src="file:///image/menubottom/foot_bt1a.png"/>
  			<image name="focus" rect="0,0,40,23" src="file:///image/menubottom/foot_bt1b.png"/>
			</button>
			<!--end-->
			
			<!--start 首页按钮-->
			<button name="Home" rect="40,297,40,23" normal="normal" focus="focus" OnSelect="homeButtonOnSelect">
  			<image name="normal" rect="0,0,40,23" src="file:///image/menubottom/foot_bt2a.png"/>
  			<image name="focus" rect="0,0,40,23" src="file:///image/menubottom/foot_bt2b.png"/>
			</button>
			<!--end-->
			
			<!--start 排行榜按钮-->
			<button name="TopTen" rect="80,297,40,23" normal="normal" focus="focus" OnSelect="topButtonOnSelect">
  			<image name="normal" rect="0,0,40,23" src="file:///image/menubottom/foot_bt3a.png"/>
  			<image name="focus" rect="0,0,40,23" src="file:///image/menubottom/foot_bt3b.png"/>
			</button>
			<!--end-->
			
			<!--start 搜索按钮-->
			<button name="Search" rect="120,297,40,23" normal="normal" focus="focus" OnSelect="searchButtonOnSelect">
  			<image name="normal" rect="0,0,40,23" src="file:///image/menubottom/foot_bt4b.png"/>
  			<image name="focus" rect="0,0,40,23" src="file:///image/menubottom/foot_bt4a.png"/>
			</button>
			<!--end-->
			
			<!--start 更多功能按钮-->
			<button name="MenuBottom" rect="160,297,40,23" normal="normal" focus="focus" OnSelect="bottomButtonOnSelect">
  			<image name="normal" rect="0,0,40,23" src="file:///image/menubottom/foot_bt5a.png"/>
  			<image name="focus" rect="0,0,40,23" src="file:///image/menubottom/foot_bt5b.png"/>
			</button>
			<!--end-->
			
			<!--start 返回按钮-->
			<node name="Return" rect="200,297,40,23">
			<button name="Return" rect="0,0,40,23" normal="normal" focus="focus" OnSelect="returnButtonOnSelect">
  			<image name="normal" rect="0,0,40,23" src="file:///image/menubottom/foot_bt7.png"/>
  			<image name="focus" rect="0,0,40,23" src="file:///image/menubottom/foot_bt7b.png"/>
			</button>
			</node>
			<!--end-->
		</node>
		<!--end 底部菜单-->
  </body>
</root>
