﻿<?xml version="1.0" encoding="utf-8"?>
<!--author dw-->

<root>
	<header>
	<script src="file://quicklauncherbar.lua" />
	</header>
	<body BuildChildrenFinished="bodyBuildChildrenFinished" OnPluginEvent="OnPluginEvent">
		<node name="event" OnSpriteEvent="OnSpriteEvent"/>
		
		<node name="quicklauncherbar" rect="0,0,240,320">
			
			<image  rect="0,297,240,23" src="file:///image/menubottom/bottom.png" />
			<scrolltext name="menu-title" rect="61,302,120,20" text="欢迎使用手机视频业务" step="2" scroll="true" color="#FFFFFF" />
			<button name="menu" rect="8,302,40,23" normal="normal" focus="focus"  OnMouseUp="menuButtonOnMouseUp" OnKeyUp="menuButtonKeyUp" >
					<label name="normal" rect="0,0,40,23" text="菜单" color="#F0F0F0" h-align="left" v-align="top" />
					<label name="focus" rect="0,2,40,23" text="菜单" color="#F0F0F0" h-align="left" v-align="top" />
			</button>
			
			<button name="back" rect="209,302,40,23" OnMouseDown="returnButtonOnMouseDown" normal="normalName" focus="focusName" OnKeyUp="menuButtonKeyUp">
					<label name="normalName" rect="0,0,40,23" text="返回" color="#F0F0F0" h-align="left" v-align="top" />
					<label name="focusName" rect="0,2,40,23" text="返回" color="#F0F0F0" h-align="left" v-align="top" />
			</button>
			
		</node>
		
	
	
  </body>
</root>
