﻿<?xml version="1.0" encoding="utf-8"?>
<root>
<!--module receive_secondary_listItem-->
<!--note 收件箱二级菜单 列表内容模板-->
<!--author cuiyizhou-->
<!--date 2010/05/30-->
	<header />
	<body >
		<node name="unselect" rect="0,0,206,25">
			<button name="item-button" rect="0,0,206,25" normal="btnNormal" focus="btnFocus" OnSelect="btnItemSelect" OnKeyUp="ButtonKeyUp">
				<node name="btnNormal" >
					<image rect="8,6,205,21" src="file:///image//menuprograminfo//star1.png" />
				</node>
				<node name="btnFocus" >
					<image  rect="0,2,210,22"  src="file:///image//receive//star2.png" />
				</node>
			</button>
			<scrolltext name="subjectButtontextN" rect="25,6,200,18" h-align="left" color="#0B5495" text="" step="2" scroll="true"/>
		</node>
		
		<button name="rowitem" rect="0,0,206,25" normal="subjectlistNormal" focus="subjectlistFocus" OnSelect="ItemOnSelect" OnKeyUp="ButtonKeyUp">
			<node name="subjectlistNormal">
				<scrolltext name="subjectButtontextN" rect="25,6,200,18" h-align="left" color="#0B5495" text="" step="2" scroll="true"/>
			</node>
			<node name="subjectlistFocus">
				<image rect="0,2,210,23" src="file:///image//receive//star2.png" />
				<scrolltext name="subjectButtontextF" rect="25,6,105,18" h-align="left" color="#F0F0F0" text="" step="1" scroll="true"/>
				<label name="receiveTime" rect="15,28,130,15" h-align="left" visible="1" color="#FFFFFF" text="" />
				<button name="browse" rect="136,4,35,19" normal="btnNormal" focus="btnFocus" OnSelect="BrowseOnSelect" OnKeyUp="ButtonKeyUp">
					<node name="btnNormal">
						<image rect="0,0,35,19" src="file:///image//receive//receive_normal.png" />
						<label rect="5,2,35,19" h-align="left" color="#F0F0F0" text="浏览" />
					</node>
					<node name="btnFocus">
						<image rect="0,0,35,19" src="file:///image//receive//receive_focus.png" />
						<label rect="5,2,35,19" h-align="left" color="#FF1A64" text="浏览" />
					</node>
				</button>
				<button name="delete" rect="172,4,35,19" normal="btnNormal" focus="btnFocus" OnSelect="deleteOnSelect" OnKeyUp="ButtonKeyUp">
					<node name="btnNormal">
						<image rect="0,0,35,19" src="file:///image//receive//receive_normal.png" />
						<label rect="5,2,35,19" h-align="left" color="#F0F0F0" text="删除" />
					</node>
					<node name="btnFocus">
						<image rect="0,0,35,19" src="file:///image//receive//receive_focus.png" />
						<label rect="5,2,35,19" h-align="left" color="#FF1A64" text="删除" />
					</node>
				</button>
			</node>
		</button>
		<image rect="11,25,198,1" style="tile" src="file:///image/help/dotline.png" />
  </body>
</root>
