﻿<?xml version="1.0" encoding="utf-8"?>
<root>
<!--module receivemessageboxListItem-->
<!--note 收件箱一级菜单未读邮件子列表项-->
<!--author jianglei,modified by cuiyizhou-->
<!--date 2010/06/01-->
<!--Modified by Chen Zhonglong-->
<!--Date 2010/08/26-->
  <!--module receivemessage-->
  <!--note 列表加载的xml文件-->
	<header />		
	<body>
		<!-- 选中未读消息的列表项 -->
		<node name="unselect" rect="0,2,218,25">
			<button name="item-button" rect="0,2,218,25" normal="btnNormal" focus="btnFocus" OnSelect="btnItemSelect" OnKeyUp="ButtonKeyUp">
				<node name="btnNormal" >
			
				</node>
				<node name="btnFocus" >
					<image  rect="0,0,218,23"  src="file://image/receive/bg_wdxx2_jd2.png" />
				</node>
			</button>
			<image rect="5,5,17,15" src="file://image/receive/ico_ydxx.png" /> 
			<scrolltext rect="30,5,170,20" name="item-MsgBox-UnText" text="" h-align="center" v-align="center" color="#585858" scroll="true" />
			<image rect="11,24,206,1" style="tile" src="file:///image/help/dotline.png" />
		</node>
		
		<button name="item-list-select-tosee" rect="0,0,218,45" normal="normal" focus="focus" OnMouseDown="boxListItemOnSelect" mushroom="0" OnKeyUp="ButtonKeyUp">
			
			<node name="focus" rect="0,2,218,45">
				<image rect="0,0,218,45" src="file://image/receive/bg_wdxx3_jd.png" />
				<!--image rect="10,5,17,15" src="file://image/receive/ico_ydxx.png" /-->
				<scrolltext rect="30,5,170,20" name="item-MsgBox-Text" text="" h-align="center" color="#F0F0F0" scroll="true" />
				<!--<label name="item-list-select-title" rect="15,28,130,15" color="#ffffff" text=""/>-->
				<button name="item-list-select-tosee" rect="140,24,35,20" normal="btnNormal" focus="btnFocus" OnSelect="btnItemOptionOnSelect" OnKeyUp="ButtonKeyUp">
					<node name="btnNormal">
						<image rect="0,0,35,19" src="file:///image/receive/receive_normal.png" />
						<label rect="6,2,35,19" h-align="left" color="#f0f0f0" text="浏览"/>
					</node>
					<node name="btnFocus">
						<image rect="0,0,35,19" src="file://image/receive/receive_focus.png" />
						<label rect="6,2,35,19" h-align="left" color="#e12062" text="浏览" />
					</node>
				</button>
				<button name="item-list-select-delete" rect="180,24,35,20" normal="btnNormal" focus="btnFocus" OnSelect="btnItemOptionOnSelect" OnKeyUp="ButtonKeyUp">
					<node name="btnNormal">
						<image rect="0,0,35,19" src="file://image/receive/receive_normal.png" />
						<label rect="6,2,35,19" h-align="left" color="#f0f0f0" text="删除" />
					</node>
					<node name="btnFocus">
						<image rect="0,0,35,19" src="file://image/receive/receive_focus.png" />
						<label rect="6,2,35,19" h-align="left" color="#e12062" text="删除" />
					</node>
				</button>
				<image rect="11,47,206,1" style="tile" src="file:///image/help/dotline.png" />
			</node>
		</button>
	</body>
</root>	