﻿<?xml version="1.0" encoding="utf-8"?>
<root>
<!--module receive_third_listItem-->
<!--note 收件箱三级级菜单 列表内容模板-->
<!--author cuiyizhou-->
<!--date 2010/05/30-->
  <header />
  <body >
    <!--start 简单的按钮控件+分割线-->
		<button name="rowitem" rect="0,0,206,25" normal="subjectlistNormal" focus="subjectlistFocus" OnSelect="ItemOnSelect">
			<node name="subjectlistNormal">
				<image rect="4,6,205,21" src="file:///image//receive//arrow.png" />
				<label name="subjectButtontextN" rect="27,5,200,14" h-align="left" color="#0B5495" text="" />
			</node>
			<node name="subjectlistFocus">
				<image rect="0,2,217,23" src="file:///image//receive//arrow2.png" />
				<label name="subjectButtontextF" rect="27,5,200,14" h-align="left" color="#F0F0F0" text="" />
			</node>
		</button>
		<image rect="11,25,206,1" style="tile" src="file:///image/help/dotline.png" />
		<!--end-->
  </body>
</root>
