<?xml version="1.0" encoding="utf-8"?>
<root>
<!--module receive_secondary-->
<!--note 收件箱二级菜单-->
<!--author cuiyizhou-->
<!--date 2010/05/30-->
	<header>
		<script src="file://receive_secondary.lua" />
	</header>
	<body BuildChildrenFinished="bodyBuildChildrenFinished" OnPluginEvent="bodyOnPluginEvent" OnSpriteEvent="bodyOnSpriteEvent">
		<image name="caption" rect="0,0,240,28" src="file:///image/common/caption.png"/>
		<image name="body" rect="0,28,240,274" src="file:///image/common/background.png"/>
		<node name="event" OnSpriteEvent="OnSpriteEvent_receive"/>
		<list name="receive_secondary"  rect="0,0,240,320" col="1" line="5" current="0">
			<battery-signal rect="0,0,240,28" image-battery="file:///image/common/battery.png" image-signal="file:///image/common/signal.png" image-degree="file:///image/common/degree.png" number-degree="4" position-battery="150,8" position-signal="180,8" position-time="207,8"/>
			<list-item name="program-info-label" rect="0,28,240,54">
				<node active="false" enable="false">
					<image rect="0,0,240,27" style="tile" src="file:///image/common/title_bg.png" />
				</node>
				<list name="info-list" rect="0,0,230,25" col="2" line="1">
					<list-item name="info-pic" rect="7,4,15,16">
						<image rect="0,0,15,16" src="file:///image/receive/icon1.png" />
					</list-item>
						<list-item name="info-content" rect="30,5,210,30">
						<label name="info-content-caption" rect="0,0,210,20" h-align="left" color="#585858" text="" />
					</list-item>
				</list>
			</list-item>
			<list-item name="listboard" rect="0,60,240,235" frame="true" mushroom="false">
				<image rect="5,0,230,4" src="file:///image/common/bord1.png" />
				<image rect="5,4,230,225" style="tile" src="file:///image/common/bord2.png" />
				<image rect="5,229,230,4" src="file:///image/common/bord3.png" />
				<list name="listboard-item" rect="7,0,226,235" col="1" line="9" >
				</list>
			</list-item>
			<button name="listboardCacheFocus" rect="0,0,0,0" OnKeyUp="ButtonKeyUp"/> <!--description：当listboard中无数据是缓存焦点 Author：黄学峰-->
			<label name="tip" rect="30,70,210,20" h-align="left" visible="0" color="#585858" text="暂无内容" />
    </list>
		<button name="clearAll" rect="198,32,35,19" normal="btnNormal" focus="btnFocus" disabled="disabled" OnSelect="clearAllOnSelect" OnKeyUp="ButtonKeyUp" PrePropertySetting="PrePropertySetting">
			<node name="btnNormal">
				<image rect="0,0,33,19" src="file:///image/history/bt_qk.png" />
			</node>
			<node name="btnFocus">
				<image rect="0,0,33,19" src="file:///image/history/bt_qk2.png" />
			</node>
			<node name="disabled">
				<image rect="0,0,33,19" src="file:///image/history/bt_bf_bg2.png"/>
				<label rect="0,0,33,19" h-align="center" v-align="center" color="#FFFFFF" text="清空" />
			</node>
		</button>
	  	<node name="loadarea" rect="0,0,240,320" >
		</node>
	</body>
</root>
