﻿<?xml version="1.0" encoding="utf-8"?>
<root>
<!--module receivemessage-->
<!--note 收件箱一级菜单-->
<!--author jianglei,modified by cuiyizhou-->
<!--date 2010/06/01-->
  <header>
	  <script src="file://receivemessage.lua" />
  </header>
  <body BuildChildrenFinished="bodyBuildChildrenFinished" 
	OnPluginEvent="OnPluginEvent" 
	OnSpriteEvent="bodyOnSpriteEvent"
  >
  <image name="caption" rect="0,0,240,28" src="file://image/common/caption.png" />
  <battery-signal rect="0,0,240,28" image-battery="file:///image/common/battery.png" image-signal="file:///image/common/signal.png" 
			image-degree="file:///image/common/degree.png" number-degree="4" position-battery="150,8" position-signal="180,8" position-time="207,8"/>
  <list name="receivemessage" rect="0,0,240,320" col="1" line="2" current="0">
		<list-item rect="0,0,240,60">
			<!--start 背景图-->	
			<image name="body" rect="0,28,240,274" src="file://image/common/background.png" />
			<!--end-->	
			
			<!-- start 标题部分 -->
			<image name="title" rect="0,28,240,27" style="tile" src="file:///image/common/title_bg.png" />
			<image name="title-ogo" rect="7,32,25,25" src="file://image/receive/ico_sjx.png" />
			<label name="title-txt" rect="30,32,70,14" text="收件箱" color="#585858" h-align="left" /> 
			<label name="title-txt" rect="31,32,70,14" text="收件箱" color="#585858" h-align="left" />  
			<!-- end 标题部分 -->
			<!-- start 正文背景 -->
			<!--
			<image rect="3,60,234,4" src="file://image/common/bigboard1.png" />
			<image rect="3,64,234,222" style="tile" src="file://image/common/bigboard2.png" />
			<image rect="3,285,234,4" src="file://image/common/bigboard3.png" />
			-->
			<!-- end 正文背景 -->
		</list-item>
	
		<list-item name="message-region" rect="4,58,230,233">
			<node active="false" enable="false">
				<image rect="0,0,230,233" src="file://image/common/tongyong_1.png" />
			</node>			
			<!--start 列表-->
			<list name="message-list" rect="5,2,220,225" col="1" line="7" auto-adjust="true" offset="0,1" current="0" frame="true" mushroom="0">
			</list>
			<list name="item-list" rect="5,29,220,100" col="1" line="3" visible="0" enable="0" auto-adjust="true" current="0" frame="true">
			</list>
			<!--end-->
		</list-item>	
	</list>
	<node name="loadarea" rect="0,0,240,320" >
	</node>
  </body>
</root>