﻿<?xml version="1.0" encoding="utf-8"?>
<root>
<!--module receivemessageListItem-->
<!--note 收件箱一级菜单列表项-->
<!--author jianglei,modified by cuiyizhou-->
<!--date 2010/06/01-->
<!--Modified by Chen Zhonglong-->
<!--Date 2010/08/26-->
  <!--module receivemessage-->
  <!--note 列表加载的xml文件-->
	<header />		
	<body>
	<button name="columnbtn" rect="0,0,220,27" OnSelect="listItemOnSelect" normal="unselect" focus="select" OnKeyUp="ButtonKeyUp">
		<node name="unselect" rect="0,2,220,27">
			<image name="normal_bg" rect="0,0,220,27" src="file://image/receive/bg_wdxx2.png" /> 
			<scrolltext rect="30,6,180,24" name="item-Msg-UnText" text="" h-align="center" color="#585858" scroll="true" />
		</node>
		<node name="select" rect="0,2,220,27">
			<image name="focus_bg" rect="0,0,220,27" src="file://image/receive/bg_wdxx2_jd2.png" />
			<scrolltext rect="30,6,180,24" name="item-Msg-Text" text="null" h-align="center" color="#F0F0F0" scroll="true" />
		</node>
		<button name="select-btn-check-all" visible="0" enable="0" rect="155,5,57,20" OnSelect="itemShowAllBtnOnSelect" normal="normal" focus="focus" OnKeyUp="ButtonKeyUp">
				<node name="normal">
					<image rect="0,0,58,19" src="file://image/receive/receive_showdetail.png" />
					<label text="查看所有" rect="5,2,58,18" color="#ee4791"/>
				</node>
				<node name="focus">
					<image rect="0,0,58,19" src="file://image/receive/receive_showdetail2.png" />
					<label text="查看所有" rect="5,2,58,18" color="#F0F0F0"/>
				</node>	
			</button>
	</button>
	</body>
</root>	