<?xml version="1.0" encoding="utf-8"?>
<root>
<!--module receive_third-->
<!--note 收件箱三级菜单-->
<!--author cuiyizhou-->
<!--date 2010/05/30-->
 	<header>
		<script src="file://receive_third.lua" />
	</header>
  <body BuildChildrenFinished="bodyBuildChildrenFinished" 
	OnPluginEvent="OnPluginEvent"
	OnSpriteEvent="bodyOnSpriteEvent"
	>
    <image name="caption" rect="0,0,240,28" src="file:///image/common/caption.png"/>
    <image name="body" rect="0,28,240,274" src="file:///image/common/background.png"/>
    <list name="receive_secondary"  rect="0,0,240,320" col="1" line="5" current="0">
	    <!--battery-signal rect="0,0,240,28" image-battery="file:///image/common/battery.png" image-signal="file:///image/common/signal.png"
						image-degree="file:///image/common/degree.png" number-degree="4" position-battery="150,8" position-signal="180,8" position-time="207,8"/>
	    <node name="caption" rect="0,28,240,28" >
	      <image rect="0,0,240,28" src="file:///image/common/title_bg.png"/>
	      <image rect="6,6,14,16" src="file:///image/history/ico_lsjl.png"/>
	      <label rect="25,6,50,16" text="专题推荐" color="#434343"/>
	    </node-->
			<!--start 第一行的背景和标签-->
	    <list-item name="program-info-label" rect="0,28,240,54">
				<node active="false" enable="false">
					<image rect="0,0,240,27" style="tile" src="file:///image/common/title_bg.png" />
				</node>
				<list name="info-list" rect="0,0,230,25" col="2" line="1">
					<list-item name="info-pic" rect="7,4,15,16">
						<image rect="0,0,15,16" src="file:///image/receive/icon1.png" />
					</list-item>
					<list-item name="info-content" rect="30,4,210,30">
							<label name="info-content-caption" rect="0,0,210,20" h-align="left" color="#585858" text="专题推荐" />
					</list-item>
				</list>
			</list-item>
			<!--end-->
			
			<list-item name="listboard" rect="0,60,240,21">		
					<!--start 显示标题名字-->
					<image rect="5,0,230,4" src="file:///image/common/bord1.png" />
					<image rect="5,4,230,225" style="tile" src="file:///image/common/bord2.png" />
					<image rect="5,229,230,4" src="file:///image/common/bord3.png" />
					<image rect="18,25,206,1" style="tile" src="file:///image/help/dotline.png" />
					<image rect="11,5,16,16" src="file:///image/receive/ball.png" />
					<label name="info-caption1" rect="35,6,210,20" h-align="left" color="#585858" text="世界杯十大经典进球" />
					<label name="info-caption2" rect="36,6,210,20" h-align="left" color="#585858" text="世界杯十大经典进球" />
					<!--end-->
					
					<list name="listboard-item"  rect="7,26,226,235" col="1" line="30">
					</list>
			</list-item>
    </list>
		<!--end-->
		<node name="loadarea" rect="0,0,240,320">
		</node>
  </body>
</root>
