﻿<?xml version="1.0" encoding="utf-8"?>
<!--module recommend-->
<!--note 互动及播放结束界面-->
<!--author cuiyizhou-->
<!--date 2010/05/26-->
<root>
	<header>
		<script src="file://recommend.lua" />
	</header>
	<body BuildChildrenFinished="bodyBuildChildrenFinished" OnPluginEvent="OnPluginEvent" OnSpriteEvent="bodyOnSpriteEvent" >
	<image name="bgImage" rect="0,28,240,320" src="file:///image/common/background.png" />
	<node name="event" OnSpriteEvent="OnSpriteEvent2"/>
	<shadow rect="0,0,240,320" alpha="128"  />
	<image name="caption" rect="0,0,240,28" src="file:///image/player/title_top.png" />
	<scrolltext name="videoName1" rect="30,7,110,14" h-align="left" step="2" scroll="true" color="#F0F0F0" text="YAOXIANGYIN"/>
	<scrolltext name="videoName2" rect="31,7,110,14" h-align="left" step="2" scroll="true" color="#F0F0F0" text="YAOXIANGYIN"/>
	<battery-signal rect="0,0,240,28" image-battery="file:///image/common/battery.png" image-signal="file:///image/common/signal.png" 
					image-degree="file:///image/common/degree.png" number-degree="4" position-battery="150,8" position-signal="180,8" position-time="207,8"/>
	<list name="recommendframe"  rect="0,0,240,320" col="1" line="2" current="0">
		<!--start 上方的4个按钮-->
		<list-item name="recommendframe-btnarea" rect="0,50,240,50">
			<button name="recommendframe-btnarea-replay" rect="30,0,30,42" normal="normal" focus="focus" OnSelect="replayOnSelect" OnKeyUp="listItemKeyUp">
				<image name="normal" rect="0,0,30,42" src="file:///image/recommend/ico_chongbo1.png" />
				<image name="focus" rect="1,1,30,42" src="file:///image/recommend/ico_chongbo2.png" />
			</button>
			<button name="recommendframe-btnarea-share" rect="80,0,30,42" normal="normal" focus="focus" OnSelect="shareOnButtonClick" OnKeyUp="listItemKeyUp">
				<image name="normal" rect="0,0,30,42" src="file:///image/recommend/ico_fenxiang1.png" />
				<image name="focus" rect="1,1,30,42" src="file:///image/recommend/ico_fenxiang2.png" />
			</button>
			<button name="recommendframe-btnarea-comment" rect="130,0,30,42" normal="normal" focus="focus" OnSelect="voteOnButtonClick" OnKeyUp="listItemKeyUp">
				<image name="normal" rect="0,0,30,42" src="file:///image/recommend/ico_hudong1.png" />
				<image name="focus" rect="1,1,30,42" src="file:///image/recommend/ico_hudong2.png" />
			</button>
			<button name="recommendframe-btnarea-download" rect="180,0,30,42" normal="normal" focus="focus" OnSelect="downloadOnSelect" OnKeyUp="listItemKeyUp">
				<image name="normal" rect="0,0,30,42" src="file:///image/recommend/ico_xiazai1.png" />
				<image name="focus" rect="1,1,30,42" src="file:///image/recommend/ico_xiazai2.png" />
			</button>
		</list-item>
		
		<list-item name="recommendframe-listarea" rect="0,113,240,180">
			<image rect="10,2,16,12" src="file:///image/recommend/ico_xianguan.png" />
			<label rect="31,0,80,14" h-align="left" color="#999999" text="相关推荐" />
			<label rect="32,0,80,14" h-align="left" color="#999999" text="相关推荐" />
			<image rect="10,18,220,3" src="file:///image/recommend/divide_bar.png" />
			<list name="recommendframe-relatedrecommends"  rect="10,25,220,61" col="1" line="3" current="0" offset="0,0" auto-adjust="true">
					
			</list>
			
			<image rect="10,92,16,12" src="file:///image/recommend/ico_xianguan.png" />
			<label rect="31,90,200,14" h-align="left" color="#999999" text="看过此节目的用户还看过" />
			<label rect="32,90,200,14" h-align="left" color="#999999" text="看过此节目的用户还看过" />
			<image rect="10,108,220,3" src="file:///image/recommend/divide_bar.png" />

			<list name="recommendframe-relatedvideos"  rect="10,115,220,61" col="1" line="3" current="0" offset="0,0" enable="true">
			</list>
		</list-item>
	</list>
	<node name="debug">
		<label name="status-forground" rect="1,301,240,20" h-align="center" color="#404040" text="" />
		<label name="status-background" rect="0,300,240,20" h-align="center" color="#F0F0F0" text="" />
		<label name="FindMe" rect="1,200,240,20" h-align="center" color="#404040" text="" />
	</node>
	<node name="loadarea" rect="0,0,240,320">
	</node>
  </body>
</root>
