﻿<?xml version="1.0" encoding="utf-8"?>
<root>
<!--module video_groupvideomodule_item-->
<!--note 组播界面中组中项目按钮模板-->
<!--author cuiyizhou-->
<!--date 2010/05/26-->
	<header />
	<body>
		<button name="groupbutton" rect="0,0,220,20" normal="ButtonNormal" focus="ButtonFocus" OnSelect="listItemOnButtonClick" OnKeyUp="listItemKeyUp">
			<node name="ButtonNormal" rect="0,0,220,20">
				<image name="img" rect="0,3,9,9" src="file:///image/recommend/ico_yingshi1.png" />
				<label name="NormalButtontext" rect="15,0,205,14" h-align="left" color="#00D0F0" text="这里是列表内容" />
			</node>
			<node name="ButtonFocus" rect="0,0,220,20">
				<image name="img" rect="0,4,9,9" src="file:///image/recommend/ico_yingshi2.png" />
				<label name="FocusButtontext" rect="15,1,205,14" h-align="left" color="#F08EF0" text="这里是列表内容" />
			</node>
		</button>
		<image name="img" rect="0,18,221,1" style="tile" src="file:///image/recommend/line.png" />
  </body>
</root>
