﻿<?xml version="1.0" encoding="utf-8"?>
<root>
<!--module dialog-->
<!--note 收到推荐短信提示框-->
<!--author lijicheng-->
<!--date 2010/06/12-->
  <header>
		<script src="file://recommendmsgdialog.lua"/>
  </header>
  <body BuildChildrenFinished="bodyBuildChildrenFinished" OnPluginEvent="bodyOnPluginEvent" OnSpriteEvent="OnMsgDialogSpriteEvent" OnSetFocus="ok-button">
	<node name="back-scene" rect="0,0,240,320" active="false" enable="false"/>
    <list name="dialog" rect="0,0,240,320" col="1" line="1" current="0">
    	<list-item name="dialog-body" rect="0,320,240,180" OnTick="dialogBodyOnTick">
				<image rect="5,3,230,4" src="file:///image/common/bord1.png" />
				<image name="dialog-area" rect="5,7,230,95" style="tile" src="file:///image/common/bord2.png" />
				<image rect="13,0,214,21" src="file:///image/common/sc_hcqsz.png" />
				<label name="dialog-title" rect="0,2,240,20" h-align="center" color="#F0F0F0" text="这里是标题" />
				<label name="dialog-title2" rect="1,2,240,20" h-align="center" color="#F0F0F0" text="这里是标题" />
				<!--  以下信息根据设置自动调整 -->
				<textarea name="dialog-message" rect="20,30,210,40" h-align="center" color="#1A4A6C" text="" frame="true" line-height="15" loop="true" step="1" top="0"/>
				<button name="ok-button" rect="60,62,40,27" normal="normal" focus="focus" OnSelect="okButtonOnSelect" OnKeyUp="DialogMsgKeyUp">
					<node name="normal" rect="0,0,0,23">
						<image rect="13,0,40,27" src="file:///image/dialog/ok.png" />
					</node>
					<node name="focus" rect="0,0,0,23">
						<image rect="13,0,40,27" src="file:///image/dialog/ok_alt.png" />
					</node>
				</button>
				<button name="cancel-Button" rect="130,62,40,27" normal="normal" focus="focus" OnSelect="cancelButtonOnSelect" OnKeyUp="DialogMsgKeyUp">				
					<node name="normal" rect="0,0,0,23">
						<image rect="13,0,40,27" src="file:///image/dialog/cancel.png" />
					</node>
					<node name="focus" rect="0,0,0,23">
						<image rect="13,0,40,27" src="file:///image/dialog/cancel_alt.png" />
					</node>
				</button>				
			</list-item>
		</list>
		<node name="loadarea" rect="0,0,240,320" >
		</node>
  </body>
</root>



