<?xml version="1.0" encoding="utf-8"?>
<Root>
	<List>
		<Item name="PHONE_NUM" value="13761070443" />
		<Item name="LOGIN_TIMES" value="1" />
		<Item name="ENTRY_PAGE" value="home" />
		<Item name="RMEStart" value="WONDER:\module\welcome.xml" />
		<Item name="FILTER" value="{*.cmtv},{*.wmv},{*.avi},{*.mpg},{*.mp4},{*.3gp}" />
		<Item name="UUID" value="111" />
		<Item name="MAX_LOGIN_TIMES" value="6" />
		<Item name="VIDEO_TYPE" value=".3gp" />
		<Item name="DOWNLOAD_PATH_CFG" value="phone" />
	</List>
</Root>
