﻿<?xml version="1.0" encoding="utf-8"?>
<root>
	<header>
	</header>
	<body>
		<node name="node-normal" rect="0,0,220,24">
			<image name="normal" rect="0,0,220,24" src="file:///image/search/unSelectbg.png" />
			<image name="ico" rect="5,5,11,10" src="file:///image/common/ys1.png" />
			<button name="video-item-button" rect="17,1,140,20" normal="normal" focus="focus" OnSelect="videoItemOnSelect"/>
			<scrolltext name="video-title" rect="19,3,195,20" text="" color="#1A4A6C" step="2" scroll="true" />
		</node>
		<node name="node-selected" rect="0,0,220,24">
			<image rect="3,0,220,24" src="file:///image/search/jiaodian_bg.png" />
			<button name="video-item-button-sel" rect="17,1,140,20" OnSelect="videoItemOnSelect"/>
			<button name="play" rect="151,1,35,19" normal="normal" focus="focus" OnSelect="videoItemPlayOnSelect" OnKeyUp="PlayKeyUp">
				<node name="normal">
					<image name="ico-play-button" rect="0,0,35,19" src="file:///image/receive/receive_normal.png" />
					<label name="play_n" rect="6,2,35,19" text="播放" color="#f0f0f0" />
				</node>
				<node name="focus">
					<image name="ico-play-button" rect="0,0,35,19" src="file:///image/receive/receive_focus.png" />
					<label name="play_f" rect="6,2,35,19" text="播放" color="#F751A5" />
				</node>
			</button>
			<button name="desc" rect="187,1,35,19" normal="normal" focus="focus" disabled="disabled"  OnSelect="videoItemDescOnSelect" OnKeyUp="DescKeyUp">
				<node name="normal">
					<image name="ico-play-button" rect="0,0,35,19" src="file:///image/receive/receive_normal.png" />
					<label name="" rect="6,2,35,19" text="详情" color="#f0f0f0" />
				</node>
				<node name="focus">
					<image name="ico-play-button" rect="0,0,35,19" src="file:///image/receive/receive_focus.png" />
					<label name="" rect="6,2,35,19" text="详情" color="#F751A5" />
				</node>
				<node name="disabled">
					<image name="ico-play-button" rect="0,0,35,19" src="file:///image/receive/receive_disabled.png" />
					<label name="" rect="6,2,35,19" text="详情" color="#ffffff" />
				</node>
			</button>
			<image name="ico" rect="5,5,11,10" src="file:///image/common/ys1.png" />
			<scrolltext name="video-title-scroll" rect="19,3,125,20" text="" color="#ffffff" h-align="left" step="2" scroll="true"/>
		</node>		
	</body>
</root>