﻿<?xml version="1.0" encoding="utf-8"?>
<root>
	<header>
		<script src="file://search_result.lua"></script>
	</header>
	<body BuildChildrenFinished="bodyBuildChildrenFinished" OnPluginEvent="OnPluginEvent" OnSpriteEvent="bodyOnSpriteEvent">
	<node name="background" active="false" enable="false">
    		<image name="body" rect="0,28,240,274" src="file:///image/common/background.png" />
    		<image name="caption" rect="0,0,240,28" src="file:///image/common/caption.png" />	  
	</node>
	<node name="bookconfirm" OnSpriteEvent="bookconfirm"/>
	<battery-signal rect="0,0,240,28" image-battery="file:///image/common/battery.png" image-signal="file:///image/common/signal.png" 
				image-degree="file:///image/common/degree.png" number-degree="4" position-battery="150,8" position-signal="180,8" position-time="207,8"/>  
  <list name ="Search" rect="0,0,240,320" col="1" line="4" current="0">
		<!-- 这是搜索列表框 -->
	 	<list-item name="search-region" rect="0,28,240,54">
			<node active="false" enable="false">
				<image rect="0,0,240,54" style="tile" src="file:///image/home/search-bg.png" />
			</node>
			<list name="search-list" rect="0,0,230,25" col="2" line="1">
        <list-item name="search-box" rect="5,6,140,23" frame="true">
					<button rect="0,0,140,23" normal="searchEditNormal" focus="searchEditFocus" OnLostFocus="TextOnSelected" mushroom="true" OnKeyUp="searchEditTextKeyUp">
						<image name="searchEditNormal" rect="0,0,140,23" src="file:///image/home/searchframe.png" />
						<image name="searchEditFocus" rect="0,0,140,23" src="file:///image/home/searchframeSel.png" />
						<edit name="searchEditBox" rect="25,0,115,23" text="" title="搜索关键字" color="#004070" v-align="center" h-align="left" OnTextChanged="editOnTextChanged" OnKeyUp="searchEditTextKeyUp"/>				
					</button>
				</list-item>
				<list-item name="search-button" rect="145,6,39,23">
					<button name="searchButton" rect="0,0,39,23" normal="searchButtonNormal" focus="searchButtonFocus" OnSelect="searchButtonOnSelect" OnKeyUp="SearchBtnKeyUp" >
						<image name="searchButtonNormal" rect="0,0,39,23" src="file:///image/home/search-bt.png" />
						<image name="searchButtonFocus" rect="0,1,39,23" src="file:///image/home/search-bt2.png" />
					</button>
				</list-item>
				<node rect="187,6,50,23" frame="true" mushroom="false">
					<button name="advanced" rect="0,0,50,23" normal="normal" focus="focus" OnSelect="AdsearchButtonOnSelect" OnKeyUp="advancedKeyUp">
						<image name="normal" rect="2,5,13,13" src="file:///image/dialog/boxunselected.png" />
						<image name="focus" rect="2,5,13,13" src="file:///image/dialog/boxunselected_focus.png" />
						<label name="" rect="20,3,50,14" text="高级" color="#075DA1"/>
					</button>
					<button name="closeadvanced" rect="0,23,50,23" normal="normal" focus="focus" OnSelect="CloseAdsearchOnSelect" OnKeyUp="advancedKeyUp">
						<image name="normal" rect="2,5,13,13" src="file:///image/dialog/boxselected.png" />
						<image name="focus" rect="2,5,13,13" src="file:///image/dialog/boxselected_focus.png" />
						<label name="" rect="20,3,50,14" text="高级" color="#075DA1"/>
					</button>
				</node>
			</list>
		</list-item>
		<list-item name="relate-recommend" rect="5,59,230,75">
			<node active="false" enable="false">
				<image name="recommend-board" rect="0,0,230,75" src="file:///image/search/recommendBoard.png" />					
			</node>
			<button name="recmd_1" rect="65,6,60,20" normal="recmd_text_normal_1" focus="recmd_text_focus_1" OnSelect="recmdBtnClick" visible="false" enable="false" >					
				<label name="recmd_text_normal_1" text="下载" rect="0,0,60,20" color="#004070" />
				<label name="recmd_text_focus_1" text="下载" rect="0,0,60,20" color="#ff0000" />
			</button>
			<button name="recmd_2" rect="130,6,60,20" normal="recmd_text_normal_2" focus="recmd_text_focus_2" OnSelect="recmdBtnClick"  visible="false" enable="false">					
				<label name="recmd_text_normal_2" text="详情" rect="0,0,60,20" color="#004070" />
				<label name="recmd_text_focus_2" text="详情" rect="0,0,60,20" color="#ff0000" />
			</button>
		</list-item>
		<!-- 这里是推荐列表 -->
		<list-item name="recommend" rect="5,49,230,75" border="false">
			<image name="recommend-icon" rect="4,28,19,19" src="file:///image/search/ico_tui.png" />
			<button name="recommend-one-button" rect="35,28,220,19" normal="normal" focus="focus" OnSelect="CancelItemSelectState">					
				<image name="focus" rect="-8,0,220,20" src="file:///image/search/videolist-itemboard.png" />
			</button>
			<scrolltext name="recommend-one" text="" rect="30,32,190,19" color="#004070" step="2" scroll="true" border="false"/>
			<image name="recommend-icon" rect="4,53,19,19" src="file:///image/search/ico_tui.png" />
			<button name="recommend-two-button" rect="35,53,220,19" normal="normal" focus="focus" OnSelect="CancelItemSelectState">					
				<image name="focus" rect="-8,0,220,20" src="file:///image/search/videolist-itemboard.png" />
			</button>
			<scrolltext name="recommend-two" text="" rect="30,57,190,19" color="#004070" step="2" scroll="true" border="false"/>
		</list-item>
		<!-- 这里是搜索内容列表 -->
		<list-item name="search-result" rect="5,136,230,158" >
			<node>
				<image name="search-result-background" rect="1,2,230,215" src="file:///image/search/ResultBoard.png" />
				<label name="page-info" text="第0页/共0页" rect="6,2,220,20" color="#004070" h-align="left" v-align="center" />
				<button name="time-sort-button" focus="focus" rect="140,4,42,21" OnSelect="timeSortOnSelect" OnKeyUp="timeSortKeyUp">
					<image name="time-sort-icon-normal" visible="false" src="file:///image/search/bt_shijian2.png" rect="0,0,42,21"/>
					<image name="time-sort-icon-focus" visible="true" src="file:///image/search/bt_shijian.png" rect="0,0,42,21"/>
				</button>
				<button name="hot-sort-button" normal="normal" focus="focus" rect="185,4,42,21" OnSelect="hotSortOnSelect"  OnKeyUp="hotSortKeyUp">
					<image name="hot-sort-icon-normal" visible="true" src="file:///image/search/bt_redu2.png" rect="0,0,42,21"/>
					<image name="hot-sort-icon-focus" visible="false" src="file:///image/search/bt_redu.png" rect="0,0,42,21"/>
				</button>
			</node>
			<list name="search-result-list" rect="3,26,230,158" auto-adjust="true" offset="0,11" line="5" col="1" start="0"></list>
			<button name="page-down-button" rect="7,147,30,14" OnSelect="pageDownOnClick" OnKeyUp="pageDownKeyUp">
				<image name="page-down-icon" src="file:///image/common/gd_left2.png" rect="0,0,30,14"/>
				<image name="page-down-icon-enable" src="file:///image/common/gd_left.png" rect="0,0,30,14"/>
			</button>
			<button name="page-up-button" rect="197,147,30,14" OnSelect="pageUpOnClick" OnKeyUp="pageUpKeyUp">
				<image name="page-up-icon" src="file:///image/common/gd_right2.png" rect="0,0,30,14"/>
				<image name="page-up-icon-enable" src="file:///image/common/gd_right.png" rect="0,0,30,14"/>
			</button>
		</list-item>
		<node name="advanced_searcharea" rect="0,58,240,25" visible="0">
			<shadow rect="0,0,240,262" alpha="128" color="#000000"/>
			<node name="advanced_frame" rect="0,0,240,160" frame="1">
			</node>
			<button name="hidecombolist_lower" rect="0,0,240,262" enable="0" OnSelect="HideComboboxlist"/>
		</node>
	</list>
	<label name="noContent" text="未搜索到内容" rect="13,163,150,14" color="#004070" visible="false"/>
	<node name="loadingNode" rect="0,0,240,320"/>
	<node name="scapegoat"></node>
	<button name="emptybutton" rect="0,0,0,0" OnKeyUp="emptyKeyUp" />
	</body>
</root>
