﻿<?xml version="1.0" encoding="utf-8"?>
<root>
<!--module vote-->
<!--note 视屏互动，用户投票界面-->
<!--author cuiyizhou-->
<!--date 2010/05/26-->
  <header />
  <body>
		<!--list-item name="panelarea-items"  rect="0,0,240,100" col="1" line="5" current="0"-->
			<!--start 显示好友推荐的所有元素-->
			<node name="share" rect="0,0,240,100">
				<button name="send" rect="75,67,40,27" normal="normal" focus="focus" OnSelect="ShareOnSelect" OnKeyUp="ShareOnKeyUp">
					<image name="normal" rect="0,0,40,27" src="file:///image/share/fs1.png" />
					<image name="focus" rect="0,0,40,27" src="file:///image/share/fs2.png" />
				</button>
				<button name="cancel" rect="128,67,40,27" normal="normal" focus="focus" OnSelect="ShareOnSelect" OnKeyUp="ShareOnKeyUp">
					<image name="normal" rect="0,0,40,27" src="file:///image/share/qx1.png" />
					<image name="focus" rect="0,0,40,27" src="file:///image/share/qx2.png" />
				</button>
				<button name="addrlist" rect="18,33,157,30" normal="normal" h-align="left" focus="focus" OnSetFocus="TextOnSelected"  mushroom="true" frame="true" OnKeyUp="ShareOnKeyUp">
					<image name="normal" rect="6,3,138,23" src="file:///image/share/tuijian_kuang.png"/>
					<image name="focus" rect="6,3,138,23" src="file:///image/share/tuijian_kuang_jd.png"/>
					<edit name="testEdit" rect="11,6,150,20" color="#888888" text="好友手机号码" option="numeric" OnTextChanged="editOnTextChanged" OnKeyUp="ShareOnKeyUp" />
				</button>
				<button name="addrlist_tongxunlu" rect="158,39,63,23" normal="normal" h-align="left" focus="focus" OnLostFocus="TextOnSelected" OnSelect="ShareOnSelect" mushroom="" OnKeyUp="ShareOnKeyUp">
					<image name="normal" rect="4,-3,63,23" src="file:///image/share/tuijian_tongxunlu.png" />
					<image name="focus" rect="4,-3,63,23" src="file:///image/share/tuijian_tongxunlu_jd2.png" />
				</button>
				<scrolltext name="scrolltext" rect="26,39,135,20" color="#888888" text="" step="2" scroll="true"/>
			</node>
			<node name="result" rect="240,0,240,100">
				<label name="resultdes" text="发送成功" h-align="center" color="#585858" rect="72,40,100,20"/>
				<!--button name="sharereturn" rect="101,68,40,27" normal="normal" focus="focus" OnSelect="ShareOnSelect">
					<image name="normal" rect="0,0,40,27" src="file:///image/dialog/ok.png" />
					<image name="focus" rect="0,0,40,27" src="file:///image/dialog/ok_alt.png" />
				</button-->
			</node>
			<node name="scapegoat"></node>
			<!--end-->
		<!--/list-item-->
  </body>
</root>
