﻿<?xml version="1.0" encoding="utf-8"?>
<root>
	<header >
	<script src="file://quicklauncherbar.lua" />
	
	</header>
	<body OnPluginEvent="OnPluginEvent" OnSetFocus="menu-home" >
		<node name="event" OnSpriteEvent="OnSpriteEvent"/>
		<list name="menuitem_open" rect="49,96,71,50" line="8">
		
			
			<list-item rect="0,0,71,25">
				<button  name="menu-home" rect="0,0,71,25" normal="normal" focus="focus" OnSelect="homeButtonOnSelect" OnKeyUp="sysopen">
				  <node name="normal">
					<image rect="0,0,71,25" src="file:///image/menushortcut/menushortcutbg1_wide_top.png"/>
					<label rect="5,0,71,21" text="首页" color="#0B5393" v-align="center" h-align="left"/>
				  </node>
				  <node name="focus">
					<image rect="0,0,71,25" src="file:///image/menushortcut/menushortcutbg2_wide_top.png"/>
					<label rect="6,1,71,21" text="首页" color="#FFFFFF" v-align="center" h-align="left"/>
				  </node>
				</button>
			</list-item>
			

			
			<list-item rect="0,25,71,25">
				<button name="menu-sc" rect="0,0,71,25" normal="normal" focus="focus" OnSelect="myFavOnSelect" OnKeyUp="sysopen">
				  <node name="normal">
					<image rect="0,0,71,25" src="file:///image/menushortcut/menushortcutbg1_wide_center.png"/>
					<label rect="5,0,71,21" text="收藏夹" color="#0B5393" v-align="center" h-align="left"/>
				  </node>
				  <node name="focus">
					<image rect="0,0,71,25" src="file:///image/menushortcut/menushortcutbg2_wide_center.png"/>
					<label rect="6,1,71,21" text="收藏夹" color="#FFFFFF" v-align="center" h-align="left"/>
				  </node>
				</button>
			</list-item>
			
			<list-item rect="0,50,71,25">
				<button  name="menu-ss" rect="0,0,71,25" normal="normal" focus="focus"  OnSelect="searchButtonOnSelect" OnKeyUp="sysopen">
				  <node name="normal">
					<image rect="0,0,71,25" src="file:///image/menushortcut/menushortcutbg1_wide_center.png"/>
					<label rect="5,0,71,21" text="搜索" color="#0B5393" v-align="center" h-align="left"/>
				  </node>
				  <node name="focus">
					<image rect="0,0,71,25" src="file:///image/menushortcut/menushortcutbg2_wide_center.png"/>
					<label rect="6,1,71,21" text="搜索" color="#FFFFFF" v-align="center" h-align="left"/>
				  </node>
				</button>
			</list-item>

			<list-item rect="0,75,71,25">
				<button  name="menu-ls" rect="0,0,71,25" normal="normal" focus="focus" OnSelect="historyOnSelect" OnKeyUp="sysopen">
				  <node name="normal">
					<image rect="0,0,71,25" src="file:///image/menushortcut/menushortcutbg1_wide_center.png"/>
					<label rect="5,0,71,21" text="历史" color="#0B5393" v-align="center" h-align="left"/>
				  </node>
				  <node name="focus">
					<image rect="0,0,71,25" src="file:///image/menushortcut/menushortcutbg2_wide_center.png"/>
					<label rect="6,1,71,21" text="历史" color="#FFFFFF" v-align="center" h-align="left"/>
				  </node>
				</button>
			</list-item>
			
			<list-item rect="0,100,71,25">
				<button  name="menu-bdmt" rect="0,0,71,25" normal="normal" focus="focus"   OnSelect="localFileOnSelect" OnKeyUp="sysopen">
				  <node name="normal">
					<image rect="0,0,71,25" src="file:///image/menushortcut/menushortcutbg1_wide_center.png"/>
					<label rect="5,0,71,21" text="本地媒体库" color="#0B5393" v-align="center" h-align="left"/>
				  </node>
				  <node name="focus">
					<image rect="0,0,71,25" src="file:///image/menushortcut/menushortcutbg2_wide_center.png"/>
					<label rect="6,1,71,21" text="本地媒体库" color="#FFFFFF" v-align="center" h-align="left"/>
				  </node>
				</button>
			</list-item>
			
			
			<list-item name="menuitem_myzazhi" rect="0,125,71,25">
				<button name="menu-wdzz" rect="0,0,71,25" OnKeyUp="sysopen">
					<image rect="0,0,71,25" src="file:///image/menushortcut/menushortcutbg1_wide_center.png"/>
					<label rect="5,0,71,21" text="我的杂志" color="#848484" v-align="center"/>
				</button>		  
			</list-item>
			
			<list-item name="menuitem_friendvideo" rect="0,150,71,25">
				<button name="menu-hysp" rect="0,0,71,25" OnKeyUp="sysopen">
					<image rect="0,0,71,25" src="file:///image/menushortcut/menushortcutbg1_wide_center.png"/>
					<label rect="5,0,71,21" text="好友视频" color="#848484" v-align="center"/>
				</button>		  
			</list-item>
			
			<list-item rect="0,175,71,25">
				<button name="menu-phb" rect="0,0,71,25" normal="normal" focus="focus" OnSelect="topButtonOnSelect" OnKeyUp="sysopen">
				  <node name="normal">
					<image rect="0,0,71,25" src="file:///image/menushortcut/menushortcutbg1_wide_bottom.png"/>
					<label rect="5,0,71,21" text="排行榜" color="#0B5393" v-align="center" h-align="left"/>
				  </node>
				  <node name="focus">
					<image rect="0,0,71,25" src="file:///image/menushortcut/menushortcutbg2_wide_bottom.png"/>
					<label rect="6,1,71,21" text="排行榜" color="#FFFFFF" v-align="center" h-align="left"/>
				  </node>
				</button>
			</list-item>
		</list>
  	</body>
</root>
