﻿<?xml version="1.0" encoding="utf-8"?>
<root>
	<header />
	<body OnSetFocus="help">
		<list name="menuitem_help" rect="49,222,71,75" line="3">
			<list-item rect="0,0,71,25">
			        <button  name="help" rect="0,0,71,25" normal="normal" focus="focus" OnSelect="helpButtonOnSelect" OnKeyUp="sysHelpKeyUp">
			          <node name="normal">
			            <image rect="0,0,71,25" src="file:///image/menushortcut/menushortcutbg1_wide_top.png"/>
			            <label rect="5,0,71,21" text="使用帮助" color="#0B5393" v-align="center" h-align="left"/>
			          </node>
			          <node name="focus">
			            <image rect="0,0,71,25" src="file:///image/menushortcut/menushortcutbg2_wide_top.png"/>
			            <label rect="6,1,71,21" text="使用帮助" color="#FFFFFF" v-align="center" h-align="left"/>
			          </node>
			        </button>
			</list-item>

			<list-item rect="0,25,71,25">
			        <button name="ywjs" rect="0,0,71,25" normal="normal" focus="focus" OnSelect="introButtonOnSelect" OnKeyUp="sysHelpKeyUp">
			          <node name="normal">
			            <image rect="0,0,71,25" src="file:///image/menushortcut/menushortcutbg1_wide_center.png"/>
			            <label rect="5,0,71,21" text="业务介绍" color="#0B5393" v-align="center" h-align="left"/>
			          </node>
			          <node name="focus">
			            <image rect="0,0,71,25" src="file:///image/menushortcut/menushortcutbg2_wide_center.png"/>
			            <label rect="6,1,71,21" text="业务介绍" color="#FFFFFF" v-align="center" h-align="left"/>
			          </node>
			        </button>
			</list-item>

			<list-item rect="0,50,71,25">
        <button name="about" rect="0,0,71,25" normal="normal" focus="focus" OnSelect="aboutButtonOnSelect" OnKeyUp="sysHelpKeyUp">
          <node name="normal">
            <image rect="0,0,71,25" src="file:///image/menushortcut/menushortcutbg1_wide_bottom.png"/>
            <label rect="5,0,71,21" text="关于" color="#0B5393" v-align="center" h-align="left"/>
          </node>
          <node name="focus">
            <image rect="0,0,71,25" src="file:///image/menushortcut/menushortcutbg2_wide_bottom.png"/>
            <label rect="6,1,71,21" text="关于" color="#FFFFFF" v-align="center" h-align="left"/>
          </node>
        </button>
			</list-item>

    </list>
  </body>
</root>
