﻿<?xml version="1.0" encoding="utf-8"?>
<root>
	<header>
		<script src="file://sysmenu.lua"></script>
	</header>
	<body  OnPluginEvent="OnPluginEvent_SysMenu" OnSetFocus="menuitem_open">
		<node name="event" OnSpriteEvent="OnSpriteEvent_SysMenu"/>
		<shadow rect="0,0,240,296" alpha="128"/>
		<list rect="0,146,48,150" col="1" line="6">
   			<!--start 打开按钮-->
			<list-item name="menuitem_open" rect="0,0,49,25" OnStatusChanged="menuItemOnStatusChanged" OnKeyUp="buttonSelectKeyUp">
	      			<button  name="open" rect="0,0,49,25" normal="normal" focus="focus" sel="sel" OnSelect="popMenuOnSelect" >
	        			<node name="normal" enable="false" activate="false">
						<image rect="0,0,49,25" src="file:///image/menushortcut/menushortcutbg1_top.png"/>
						<label rect="5,0,48,21" text="打开" color="#0B5393" v-align="center"/>
						<image rect="40,10,49,25" src="file:///image/menushortcut/arrow1.png"/>
	        			</node>
	        			<node name="sel" enable="false" activate="false">
						<image rect="0,0,49,25" src="file:///image/menushortcut/menushortcutbg2_top.png"/>
						<label rect="5,0,48,21" text="打开" color="#FFFFFF" v-align="center"/>
						<image rect="40,10,49,25" src="file:///image/menushortcut/arrow2.png"/>
					</node>
	        			<node name="focus" enable="false" activate="false">
						<image rect="0,0,49,25" src="file:///image/menushortcut/menushortcutbg2_top.png"/>
						<label rect="5,0,48,21" text="打开" color="#FFFFFF" v-align="center"/>
						<image rect="40,10,49,25" src="file:///image/menushortcut/arrow2.png"/>
	        			</node>
	      			</button>
			</list-item>
			<!--end-->

			<!--start 工具按钮-->
			<list-item name="menuitem_tool" rect="0,25,49,25" OnStatusChanged="menuItemOnStatusChanged" OnKeyUp="buttonSelectKeyUp">
	      			<button  name="tools" rect="0,0,49,25" normal="normal" focus="focus" sel="sel" OnSelect="popMenuOnSelect" >
	        			<node name="normal" enable="false" activate="false">
						<image rect="0,0,49,25" src="file:///image/menushortcut/menushortcutbg1_center.png"/>
						<label rect="5,0,48,21" text="工具" color="#0B5393" v-align="center"/>
						<image rect="40,10,49,25" src="file:///image/menushortcut/arrow1.png"/>
	        			</node>
	        			<node name="sel" enable="false" activate="false">
						<image rect="0,0,49,25" src="file:///image/menushortcut/menushortcutbg2_center.png"/>
						<label rect="5,0,48,21" text="工具" color="#FFFFFF" v-align="center"/>
						<image rect="40,10,49,25" src="file:///image/menushortcut/arrow2.png"/>
					</node>
					<node name="focus" enable="false" activate="false">
						<image rect="0,0,49,25" src="file:///image/menushortcut/menushortcutbg2_center.png"/>
						<label rect="5,0,48,21" text="工具" color="#FFFFFF" v-align="center"/>
						<image rect="40,10,49,25" src="file:///image/menushortcut/arrow2.png"/>
					</node>
	        		</button>
			</list-item>
      			<!--end-->
   
    			<!--start 文件按钮-->
			<list-item name="menuitem_file" rect="0,50,49,25" OnStatusChanged="menuItemOnStatusChanged" OnKeyUp="buttonSelectKeyUp">
	      			<button  name="file" rect="0,0,49,25" normal="normal" focus="focus" sel="sel" OnSelect="popMenuOnSelect" >
	        			<node name="normal">
						<image rect="0,0,49,25" src="file:///image/menushortcut/menushortcutbg1_center.png"/>
						<label rect="5,0,48,23" text="文件" color="#0B5393" v-align="center"/>
						<image rect="40,10,49,25" src="file:///image/menushortcut/arrow1.png"/>
					</node>
					<node name="sel">
						<image rect="0,0,49,25" src="file:///image/menushortcut/menushortcutbg2_center.png"/>
						<label rect="5,0,48,23" text="文件" color="#FFFFFF" v-align="center"/>
						<image rect="40,10,49,25" src="file:///image/menushortcut/arrow2.png"/>
					</node>
					<node name="focus">
						<image rect="0,0,49,25" src="file:///image/menushortcut/menushortcutbg2_center.png"/>
						<label rect="5,0,48,23" text="文件" color="#FFFFFF" v-align="center"/>
						<image rect="40,10,49,25" src="file:///image/menushortcut/arrow2.png"/>
					</node>
	        		</button>
			</list-item>
			<!--end-->

			<!--start 服务按钮-->
			<list-item name="menuitem_service" rect="0,75,49,25" OnStatusChanged="menuItemOnStatusChanged" OnKeyUp="buttonSelectKeyUp">
				<button  name="service" rect="0,0,49,25" normal="normal" focus="focus" sel="sel" OnSelect="popMenuOnSelect" >
	        			<node name="normal">
						<image rect="0,0,49,25" src="file:///image/menushortcut/menushortcutbg1_center.png"/>
						<label rect="5,0,48,23" text="服务" color="#0B5393" v-align="center"/>
						<image rect="40,10,4,7" src="file:///image/menushortcut/arrow1.png"/>
					</node>
					<node name="sel">
						<image rect="0,0,49,25" src="file:///image/menushortcut/menushortcutbg2_center.png"/>
						<label rect="5,0,48,23" text="服务" color="#FFFFFF" v-align="center"/>
						<image rect="40,10,4,7" src="file:///image/menushortcut/arrow2.png"/>
					</node>
					<node name="focus">
						<image rect="0,0,49,25" src="file:///image/menushortcut/menushortcutbg2_center.png"/>
						<label rect="5,0,48,23" text="服务" color="#FFFFFF" v-align="center"/>
						<image rect="40,10,4,7" src="file:///image/menushortcut/arrow2.png"/>
					</node>
	        		</button>
	    		</list-item>
      			<!--end-->

   			<!--start 帮助按钮-->
			<list-item name="menuitem_help" rect="0,100,49,25" OnStatusChanged="menuItemOnStatusChanged" OnKeyUp="buttonSelectKeyUp">
	      			<button  name="help" rect="0,0,49,25" normal="normal" focus="focus" sel="sel" OnSelect="popMenuOnSelect" >
	        			<node name="normal">
						<image rect="0,0,49,25" src="file:///image/menushortcut/menushortcutbg1_center.png"/>
						<label rect="5,0,49,23" text="帮助" color="#0B5393" v-align="center"/>
						<image rect="40,10,4,7" src="file:///image/menushortcut/arrow1.png"/>
					</node>
					<node name="sel">
						<image rect="0,0,49,25" src="file:///image/menushortcut/menushortcutbg2_center.png"/>
						<label rect="5,0,49,23" text="帮助" color="#FFFFFF" v-align="center"/>
						<image rect="40,10,4,7" src="file:///image/menushortcut/arrow2.png"/>
					</node>
					<node name="focus">
						<image rect="0,0,49,25" src="file:///image/menushortcut/menushortcutbg2_center.png"/>
						<label rect="5,0,49,23" text="帮助" color="#FFFFFF" v-align="center"/>
						<image rect="40,10,49,23" src="file:///image/menushortcut/arrow2.png"/>
					</node>
	        		</button>
	    		</list-item>
      			<!--end-->
	  		<list-item  name="menuitemexit" rect="0,125,49,25" OnStatusChanged="menuItemOnStatusChanged" OnKeyUp="buttonSelectKeyUp">
		      		<button  name="exit" rect="0,0,49,25" normal="normal" focus="focus" sel="sel" OnSelect="menuExitButtonOnSelect" >
				        <node name="normal">
					        <image rect="0,0,49,25" src="file:///image/menushortcut/menushortcutbg1_bottom.png"/>
					        <label rect="5,0,49,23" text="退出" color="#0B5393" v-align="center"/>
				        </node>
					<node name="sel">
					        <image rect="0,0,49,25" src="file:///image/menushortcut/menushortcutbg2_bottom.png"/>
					        <label rect="5,0,49,23" text="退出" color="#FFFFFF" v-align="center"/>
				        </node>
				        <node name="focus">
					        <image rect="0,0,49,25" src="file:///image/menushortcut/menushortcutbg2_bottom.png"/>
					        <label rect="5,0,49,23" text="退出" color="#FFFFFF" v-align="center"/>
				        </node>
		      		</button>
   			</list-item>
		</list>     
		<node name="sysmenu-board" rect="0,0,240,296" enable="true" OnMouseUp="menuBoardOnMouseUp"/>
	</body>
</root>
