﻿<?xml version="1.0" encoding="utf-8"?>
<root>
	<header >	
	</header>
	<body   OnPluginEvent="OnPluginEvent" OnSetFocus="menu-sc">
		<node name="event" OnSpriteEvent="OnSpriteEvent"/>
	<list name="menuitem_tool" rect="49,172,49,50" line="3">
		<list-item name="menuitem_sc" rect="0,0,49,25" OnStatusChanged="menuItemOnStatusChanged">
		        <button name="menu-sc" rect="0,0,49,25" normal="normal" focus="focus" OnSelect="addFavOnSelect" OnKeyUp="systools" >
		          <node name="normal">
		            <image rect="0,0,49,25" src="file:///image/menushortcut/menushortcutbg1_top.png"/>
		            <label name="lab_SC" rect="5,0,48,21" text="收藏" color="#0B5393" v-align="center"/>
		          </node>
		          <node name="focus">
		            <image rect="0,0,49,25" src="file:///image/menushortcut/menushortcutbg2_top.png"/>
		            <label rect="6,1,48,21" text="收藏" color="#FFFFFF" v-align="center"/>
		          </node>
		        </button>
		</list-item>
		
		<list-item name="menuitem_theme" rect="0,25,49,25" OnStatusChanged="menuItemOnStatusChanged" >
			<button  name="menu-zt" rect="0,0,49,25" normal="normal" focus="focus" sel="sel" OnSelect="popMenuOnSelect" OnKeyUp="systools" >
				<node name="normal">
					<image rect="0,0,49,25" src="file:///image/menushortcut/menushortcutbg1_center.png"/>
			        	<label rect="5,0,48,21" text="主题" color="#0B5393" v-align="center"/>
		        		<image rect="40,10,49,25" src="file:///image/menushortcut/arrow1.png"/>
			        </node>
			        <node name="sel">
			        	<image rect="0,0,49,25" src="file:///image/menushortcut/menushortcutbg2_center.png"/>
		        		<label rect="6,1,48,21" text="主题" color="#FFFFFF" v-align="center"/>
					<image rect="41,11,49,25" src="file:///image/menushortcut/arrow2.png"/>
			        </node>
			        <node name="focus">
			        	<image rect="0,0,49,25" src="file:///image/menushortcut/menushortcutbg2_center.png"/>
		        		<label rect="6,1,48,21" text="主题" color="#FFFFFF" v-align="center"/>
		        		<image rect="41,11,49,25" src="file:///image/menushortcut/arrow2.png"/>
				</node>
			</button>
		</list-item>

		<list-item name="menuitem_setting" rect="0,50,49,25" OnStatusChanged="menuItemOnStatusChanged">
		        <button name="menu-sz" rect="0,0,49,25" normal="normal" focus="focus" OnSelect="settingOnSelect" OnKeyUp="systools">
         		 <node name="normal">
		            <image rect="0,0,49,25" src="file:///image/menushortcut/menushortcutbg1_bottom.png"/>
		            <label rect="5,0,48,21" text="设置" color="#0B5393" v-align="center"/>
		          </node>
		          <node name="focus">
		            <image rect="0,0,49,25" src="file:///image/menushortcut/menushortcutbg2_bottom.png"/>
		            <label rect="6,1,48,21" text="设置" color="#FFFFFF" v-align="center"/>
		          </node>
		        </button>
		</list-item>

    </list>
  </body>
</root>
