﻿<?xml version="1.0" encoding="utf-8"?>
<root>
	<header />
	<body OnSetFocus="black">
		<list rect="98,172,71,50" line="4">
			<list-item name="menuitem_theme" rect="0,0,71,25">
        <button name="black" rect="0,0,71,25" normal="normal" focus="focus" OnSelect="blackThemeButtonOnSelect" OnKeyUp="themeKeyUp">
          <node name="normal">
            <image rect="0,0,71,25" src="file:///image/menushortcut/menushortcutbg1_wide_top.png"/>
            <label rect="5,0,71,21" text="黑色诱惑" color="#0B5393" v-align="center" h-align="left"/>
          </node>
          <node name="focus">
            <image rect="0,5,71,1" src="file:///image/menushortcut/topline.png"/>
            <image rect="0,0,71,25" src="file:///image/menushortcut/menushortcutbg2_wide_top.png"/>
            <label rect="6,1,71,21" text="黑色诱惑" color="#FFFFFF" v-align="center" h-align="left"/>
          </node>
        </button>
			</list-item>

			<list-item rect="0,25,49,25">
        <button name="pink" rect="0,0,71,25" normal="normal" focus="focus" OnSelect="pinkThemeButtonOnSelect" OnKeyUp="themeKeyUp">
          <node name="normal">
            <image rect="0,0,71,25" src="file:///image/menushortcut/menushortcutbg1_wide_center.png"/>
            <label rect="5,0,71,21" text="红粉佳人" color="#0B5393" v-align="center" h-align="left"/>
          </node>
          <node name="focus">
            <image rect="0,5,71,1" src="file:///image/menushortcut/topline.png"/>
            <image rect="0,0,71,25" src="file:///image/menushortcut/menushortcutbg2_wide_center.png"/>
            <label rect="6,1,71,21" text="红粉佳人" color="#FFFFFF" v-align="center" h-align="left"/>
          </node>
        </button>
			</list-item>

			<list-item rect="0,50,49,25">
        <button name="purple" rect="0,0,71,25" normal="normal" focus="focus" OnSelect="purpleThemeButtonOnSelect" OnKeyUp="themeKeyUp">
          <node name="normal">
            <image rect="0,0,71,25" src="file:///image/menushortcut/menushortcutbg1_wide_center.png"/>
            <label rect="5,0,71,21" text="紫色魅影" color="#0B5393" v-align="center" h-align="left"/>
          </node>
          <node name="focus">
            <image rect="0,5,71,1" src="file:///image/menushortcut/topline.png"/>
            <image rect="0,0,71,25" src="file:///image/menushortcut/menushortcutbg2_wide_center.png"/>
            <label rect="6,1,71,21" text="紫色魅影" color="#FFFFFF" v-align="center" h-align="left"/>
          </node>
        </button>
			</list-item>

			<list-item rect="0,75,49,25">
        <button name="blue" rect="0,0,71,25" normal="normal" focus="focus" OnSelect="blueThemeButtonOnSelect" OnKeyUp="themeKeyUp">
          <node name="normal">
            <image rect="0,0,71,25" src="file:///image/menushortcut/menushortcutbg1_wide_bottom.png"/>
            <label rect="5,0,71,21" text="蓝色经典" color="#0B5393" v-align="center" h-align="left"/>
          </node>
          <node name="focus">
            <image rect="0,5,71,1" src="file:///image/menushortcut/topline.png"/>
            <image rect="0,0,71,25" src="file:///image/menushortcut/menushortcutbg2_wide_bottom.png"/>
            <label rect="6,1,71,21" text="蓝色经典" color="#FFFFFF" v-align="center" h-align="left"/>
          </node>
        </button>
			</list-item>
    </list>
  </body>
</root>
