﻿<?xml version="1.0" encoding="utf-8"?>
<root>
	<header />
	<body OnSetFocus="myorder">
		<list name="menuitem_service" rect="49,222,71,75" line="3">
		<list-item rect="0,0,71,25">
		        <button name="myorder" rect="0,0,71,25" normal="normal" focus="focus"  OnSelect="myOrderOnSelect" OnKeyUp="sysServiceKeyup">
		          <node name="normal">
		            <image rect="0,0,71,25" src="file:///image/menushortcut/menushortcutbg1_wide_top.png"/>
		          
		            <label rect="5,0,71,21" text="我的订购" color="#0B5393" v-align="center" h-align="left"/>
		          </node>
		          <node name="focus">
		          
		            <image rect="0,0,71,25" src="file:///image/menushortcut/menushortcutbg2_wide_top.png"/>
		            <label rect="6,1,71,21" text="我的订购" color="#FFFFFF" v-align="center" h-align="left"/>
		          </node>
		        </button>
		</list-item>
			
		<list-item rect="0,25,71,25">
		        <button name="message" rect="0,0,71,25" normal="normal" focus="focus"  OnSelect="mailBoxOnSelect" OnKeyUp="sysServiceKeyup">
		          <node name="normal">
		            <image rect="0,0,71,25" src="file:///image/menushortcut/menushortcutbg1_wide_center.png"/>
		           
		            <label rect="5,0,71,21" text="收件箱" color="#0B5393" v-align="center" h-align="left"/>
		          </node>
		          <node name="focus">
		       
		            <image rect="0,0,71,25" src="file:///image/menushortcut/menushortcutbg2_wide_center.png"/>
		            <label rect="6,1,71,21" text="收件箱" color="#FFFFFF" v-align="center" h-align="left"/>
		          </node>
		        </button>
		</list-item>



		<list-item rect="0,50,71,25">
		        <button name="resign" rect="0,0,71,25" normal="normal" focus="focus" disabled="disabled" OnSelect="registerOnSelect" OnKeyUp="sysServiceKeyup">
		          <node name="normal">
		            <image rect="0,0,71,25" src="file:///image/menushortcut/menushortcutbg1_wide_bottom.png"/>
		            
		            <label rect="5,0,71,21" text="免费注册" color="#0B5393" v-align="center" h-align="left"/>
		          </node>
		          <node name="focus">
		           
		            <image rect="0,0,71,25" src="file:///image/menushortcut/menushortcutbg2_wide_bottom.png"/>
		            <label rect="6,1,71,21" text="免费注册" color="#FFFFFF" v-align="center" h-align="left"/>
		          </node>
			  <node name="disabled">
				<image rect="0,0,71,25" src="file:///image/menushortcut/menushortcutbg1_wide_bottom.png"/>
				<label rect="5,0,71,21" text="免费注册" color="#848484" v-align="center" h-align="left"/>
			</node>
		        </button>
		</list-item>

    </list>
  </body>
</root>
