﻿<?xml version="1.0" encoding="utf-8"?>
<root>
	<header />
	<body OnSetFocus="down">
		<list  name="menuitem_file" rect="49,197,71,75" line="3">
			<list-item rect="0,0,71,25">
        <button  name="down" rect="0,0,71,25" normal="normal" focus="focus" OnSelect="downloadMngrOnSelect" OnKeyUp="sysFileKeyUp">
          <node name="normal">
            <image rect="0,0,71,25" src="file:///image/menushortcut/menushortcutbg1_wide_top.png"/>
            <label rect="5,0,71,21" text="下载管理" color="#0B5393" v-align="center" h-align="left"/>
          </node>
          <node name="focus">
            <image rect="0,0,71,25" src="file:///image/menushortcut/menushortcutbg2_wide_top.png"/>
            <label rect="6,1,71,21" text="下载管理" color="#FFFFFF" v-align="center" h-align="left"/>
          </node>
        </button>
			</list-item>

			<list-item rect="0,25,71,25">
        <button  name="upload" rect="0,0,71,25" normal="normal" focus="focus" disabled="disabled" OnSelect="uploadMngrOnSelect" OnKeyUp="sysFileKeyUp">
          <node name="normal">
            <image rect="0,0,71,25" src="file:///image/menushortcut/menushortcutbg1_wide_center.png"/>
            <label rect="5,0,71,21" text="上传管理" color="#0B5393" v-align="center" h-align="left"/>
          </node>
          <node name="focus">
            <image rect="0,0,71,25" src="file:///image/menushortcut/menushortcutbg2_wide_center.png"/>
            <label rect="6,1,71,21" text="上传管理" color="#FFFFFF" v-align="center" h-align="left"/>
          </node>
	  <node name="disabled">
		<image rect="0,0,71,25" src="file:///image/menushortcut/menushortcutbg1_wide_center.png"/>
		<label rect="5,0,71,21" text="上传管理" color="#848484" v-align="center" h-align="left"/>
	</node>
        </button>
			</list-item>

			<list-item rect="0,50,71,25">
        <button name="uploadFile" rect="0,0,71,25" normal="normal" focus="focus" disabled="disabled" OnSelect="uploadFileOnSelect" OnKeyUp="sysFileKeyUp">
          <node name="normal">
            <image rect="0,0,71,25" src="file:///image/menushortcut/menushortcutbg1_wide_bottom.png"/>
            <label rect="5,0,71,21" text="上传文件" color="#0B5393" v-align="center" h-align="left"/>
          </node>
          <node name="focus">
            <image rect="0,0,71,25" src="file:///image/menushortcut/menushortcutbg2_wide_bottom.png"/>
            <label rect="6,1,71,21" text="上传文件" color="#FFFFFF" v-align="center" h-align="left"/>
          </node>
	  <node name="disabled">
		<image rect="0,0,71,25" src="file:///image/menushortcut/menushortcutbg1_wide_bottom.png"/>
		<label rect="5,0,71,21" text="上传文件" color="#848484" v-align="center" h-align="left"/>
	</node>
        </button>
			</list-item>

    </list>
  </body>
</root>
