﻿<?xml version="1.0" encoding="utf-8"?>
<root>
  <!--module help-->
  <!--note 用于帮助界面的显示-->
  <!--author shenyi-->
  <!--date 2010/05/26-->
  <header>
	  <script src="file://uploadinginfor.lua" />
  </header>
  <body BuildChildrenFinished="bodyBuildChildrenFinished" OnPluginEvent="OnPluginEvent" OnSpriteEvent="bodyOnSpriteEvent">
	<node name="event" OnSpriteEvent="OnSpriteEvent_uploadingInfor"/>		
	<node active="false" enable="false">
		<image name="body" rect="0,28,240,274" src="file:///image/common/background.png" />
		<image name="caption" rect="0,0,240,28" src="file:///image/common/caption.png" />
	</node>	
	<battery-signal rect="0,0,240,28" image-battery="file:///image/common/battery.png" image-signal="file:///image/common/signal.png" 
					image-degree="file:///image/common/degree.png" number-degree="4" position-battery="150,8" position-signal="180,8" position-time="207,8"/>		
	<node name="top-region" rect = "0,28,240,30">				
		<image name="top-image" rect="0,0,240,30" src="file:///image/help/helptop.png" />
		<label name="file-text" rect="18,0,79,30" text="正在上传" color="#226688" v-align="center" h-align="left" />
		<label name="file-text2" rect="19,0,79,30" text="正在上传" color="#226688" v-align="center" h-align="left" />
		<button name="history" rect="100,0,79,30" OnSelect="buttonLocalFileSelect"/>
		<label name="file-text1" rect="100,0,79,30" text="已经上传" color="#ffffff" v-align="center" h-align="left" />
		<button name="iupload" rect="177,5,57,17" normal="normal" focus="focus" OnSelect="iuploadButtonOnSelect">
			<node name="normal" rect="0,0,57,17">
				<image rect="0,0,57,17" src="file:///image/uploading/bt_wysc.png"/>
			</node>
			<node name="focus" rect="0,0,57,17">
				<image rect="0,0,57,17" src="file:///image/uploading/bt_wysc2.png"/>
			</node>			
		</button>
	</node>
	<node active="false" enable="false">
		<image rect="5,60,230,233" src="file:///image/common/tongyong_1.png" />
	</node>
	<list-item name="upload-region" rect="4,60,230,233"  frame="true" mushroom="false">			
		<!--start 正在上传列表-->
		<list name="uploading-list" rect="0,10,212,223" col="1" line="200" current="0" >
		</list>
	</list-item>	
	<button name="empty" OnKeyUp="emptyKeyUp"/>

  </body>
</root>