﻿<!--module uploadhistory--><!--note 上传历史--><!--author shenyi--><!--date 2010/06/05--><?xml version="1.0" encoding="utf-8"?><root>  <header>		<script src="file://uploadhistory.lua" />    </header>  <body BuildChildrenFinished="bodyBuildChildrenFinished" OnPluginEvent="OnPluginEvent" OnSpriteEvent="OnSpriteEvent2">	<node name="event" OnSpriteEvent="OnSpriteEvent"/>    <node name="background" active="false" enable="false"> 		<image name="body" rect="0,28,240,274" src="file:///image/common/background.png" />		<image name="caption" rect="0,0,240,28" src="file:///image/common/caption.png" />	</node>	<battery-signal rect="0,0,240,28" image-battery="file:///image/common/battery.png" image-signal="file:///image/common/signal.png" 					image-degree="file:///image/common/degree.png" number-degree="4" position-battery="150,8" position-signal="180,8" position-time="207,8"/>	<node name="top-region" rect = "0,28,240,30">						<image name="top-image" rect="0,0,240,30" src="file:///image/help/helptop1.png" />		<label name="file-text" rect="18,0,79,30" text="正在上传" color="#ffffff" v-align="center" h-align="left" />		<button name="uploading" rect="18,0,79,30" OnSelect="buttonUploadingSelect"/>		<label name="file-text1" rect="100,0,79,30" text="已经上传" color="#226688" v-align="center" h-align="left" />		<label name="file-text2" rect="101,0,79,30" text="已经上传" color="#226688" v-align="center" h-align="left" />		<button name="iupload" rect="177,5,57,17" normal="normal" focus="focus" OnSelect="iuploadButtonOnSelect" OnKeyUp="buttonOnKeyUp">			<node name="normal" rect="0,0,57,17">				<image rect="0,0,57,17" src="file:///image/uploading/bt_wysc.png"/>			</node>			<node name="focus" rect="0,0,57,17">				<image rect="0,0,57,17" src="file:///image/uploading/bt_wysc2.png"/>			</node>					</button>					</node>  <list-item name="item-body" rect="5,60,230,233">  	<image rect="0,0,230,233" src="file:///image/common/tongyong_1.png"/>  </list-item>    <node rect="0,60,230,230" name="listnode" frame="true" mushroom="false" border="0" >		    <list name="uploadFileList"  rect="0,5,240,223"  col="1" line="50" current="0"  offset="0,0" >	    </list>    </node>    <button name="back" rect="202,305,30,28" OnSelect="OnSelectBackButton" normal="normalName" focus="focusName">    	<label name="normalName" rect="0,0,30,28" text="退出" color="#F0F0F0" h-align="left" v-align="top" />    	<label name="" rect="0,0,30,28" text="退出" color="#F0F0F0" h-align="left" v-align="top" />    </button>	    <node name="loadarea" rect="0,0,240,320">    </node>    <button name="empty" OnKeyUp="emptyKeyUp"/>  </body></root>