﻿<?xml version="1.0" encoding="utf-8"?>
<root>
  <!--module help-->
  <!--note 正在上传需加载的xml文件-->
  <!--author shenyi-->
  <!--date 2010/06/03-->
	<header />		
	<body>
		<node name="unselect" rect="0,0,212,25">
			<button name="item-button1" rect="5,-5,205,25" normal="buttonNormal" focus="buttonFocus" OnMouseDown="itemButtonOnMouseDown" OnKeyUp="uploadButtonOnKeyUp">
				<node name="buttonNormal" >
					
				</node>
				<node name="buttonFocus" >
					<image  rect="0,0,212,25"  src="file:///image/common/bg_wdxx2_jd.png" />
				</node>
			</button>
			<image name="image-select" rect="7,1,16,16" src="" />
			<label name="item-text" h-align="left" rect="22,0,200,19" color="#0B5495" text="" postfix="..."  />
			<image rect="3,21,212,1" src="file:///image/history/fengge.png"/>
		</node>
		<node name="select1" rect="0,0,212,48">
			<image rect="5,0,205,45" src="file:///image/uploading/xiazai_bg.png" />
			<image name="image-select1" rect="9,4,16,16" src="file:///image/uploading/ico_3.png" />
			<scrolltext name="item-text1" h-align="left" rect="24,3,140,19" color="#ffffff" text="" step="2" scroll="true"/>	
			<label name="percent-text" h-align="left" rect="24,21,180,19" color="#ffffff" text=""/>
			<button name="operbutton" rect="168,2,33,19" normal="normal" focus="focus" OnSelect="operButtonOnSelect" OnKeyUp="uploadButtonOnKeyUp">
				<node name="normal">
					<image name = "oper-img" rect="0,0,33,19" src="file:///image/download/upload2.png" />
				<!--	<label name="oper-label" rect="4,-2,33,19" text="上传" color="#ffffff" v-align="center" h-align="left"/>-->
				</node>
				<node name="focus" >
					<image name = "oper-img1" rect="0,0,33,19" src="file:///image/download/upload1.png" />
				<!--	<label name="oper-label1" rect="4,-2,33,19" text="上传" color="#BE3A76" v-align="center" h-align="left"/>-->
				</node>				
			</button>
			<button name="deletebutton" rect="168,25,33,19" normal="normal" focus="focus" OnSelect="deleteButtonOnSelect" OnKeyUp="uploadButtonOnKeyUp">
				<node name="normal" >
					<image rect="0,0,33,19" src="file:///image/download/sc1.png" />
				</node>
				<node name="focus" >
					<image rect="0,0,33,19" src="file:///image/download/sc2.png" />
				</node>
			</button>
			<image rect="3,46,208,1" style="tile" src="file:///image/help/dotline.png"/>
		</node>
		<node name="select2" rect="0,0,212,72">
			<image rect="5,0,205,69" src="file:///image/uploading/scgl_bg.png" />
			<scrolltext name="item-text2" h-align="left" rect="24,3,180,19" color="#ffffff" text="" step="2" scroll="true"  />
			<image name="background" rect="12,30,110,13" src="file:///image/uploading/xiazai_jingdu_bg.png"/>  
			<image name="foreground" rect="12,30,109,13" src="file:///image/uploading/xiazai_jingdu_tiao.png"/>
			<label name="curpercent" rect="12,30,110,13" text="" color="#ff0000" v-align="center" h-align="center"/>
			<label name="speed" rect="125,25,45,23" text="" color="#ffffff" v-align="center" h-align="left"/>
			<label name="upload-size" rect="12,50,180,25" text="" color="#ffffff"/>
			<button name="pausebutton" rect="175,24,33,19" normal="normal" focus="focus" OnSelect="pauseButtonOnSelect" OnKeyUp="uploadButtonOnKeyUp">
				<node name="normal" >
					<image rect="0,0,33,19" src="file:///image/download/zt2.png" />
					<!--<label rect="4,-2,33,19" text="暂停" color="#ffffff" v-align="center" h-align="left"/>-->
				</node>
				<node name="focus" >
					<image rect="0,0,33,19" src="file:///image/download/zt1.png" />
					<!--<label rect="4,-2,33,19" text="暂停" color="#BE3A76" v-align="center" h-align="left"/>-->
				</node>
			</button>
			<button name="deletebutton1" rect="175,48,33,19" normal="normal" focus="focus" OnSelect="deleteButtonOnSelect1" OnKeyUp="uploadButtonOnKeyUp">
				<node name="normal" >
					<image rect="0,0,33,19" src="file:///image/download/sc1.png" />
				</node>
				<node name="focus" >
					<image rect="0,0,33,19" src="file:///image/download/sc2.png" />
				</node>
			</button>
			<image rect="3,71,208,1" style="tile" src="file:///image/help/dotline.png"/>
		</node>		
	</body>
</root>	