﻿<?xml version="1.0" encoding="utf-8"?>
<root>
  <!--module help-->
  <!--note 收藏列表需加载的xml文件-->
  <!--author shenyi-->
  <!--date 2010/05/30-->
	<header />		
	<body>
		<node name="unselect" rect="0,0,222,26">
			<image rect="3,0,207,22" src="file:///image/uploadinforbrowser/picboader.png" />
			<image name="file-image" rect="8,4,11,10" src="file:///image/common/ys1.png" visible="true"/>
			<button name="item-button" rect="3,0,207,22" OnSelect="itemButtonOnSelect" OnKeyUp="commandbuttonKeyUp"/>
			<!--
			<scrolltext name="item-text" rect="27,0,198,19" text="" color="#0B5495"
			     frame="true" v-align="center" h-align="left" step="2" scroll="true" /> -->
			<label name="item-text" rect="27,2,180,19" text="" color="#0B5495" postfix="..." />
			
			<image name="fengge" rect="3,23,207,1" src="file:///image/history/fengge.png"/>
		</node>
		<node name="select" rect="0,0,222,43">
			<image rect="3,0,207,38" src="file:///image/uploadinforbrowser/picboader_select.png" />	
			<image name="file-image1" rect="8,4,11,10" src="file:///image/common/ys1.png" visible="true"/>
			<scrolltext name="item-text1" rect="27,2,180,19" text="" color="#ffffff"
			     frame="true" v-align="center" h-align="left" step="2" scroll="true" />
			<button name="command-button" rect="114,18,43,15" OnSelect="commandButtonOnSelect" OnKeyUp="commandbuttonKeyUp" >
						<image rect="0,0,43,15" src="file:///image/uploadinforbrowser/textback.png"/>
				<label name="command-text" h-align="center" v-align="center" rect="0,0,43,15" color="#ff0000" text="上传"/>
			</button>
			<image name="fengge1" rect="3,40,207,1" src="file:///image/history/fengge.png"/>
		</node>
	</body>
</root>	 