﻿<?xml version="1.0" encoding="utf-8"?>
<root>
<!--module uploadhistory_ListItem-->
<!--note 上传历史列表-->
<!--author shenyi-->
<!--date 2010/06/05-->
  <header />
  <body >
		<node name="unselect" rect="0,0,222,25">
		<button name="item-button" rect="5,-5,205,25" normal="buttonNormal" focus="buttonFocus"    OnSelect="itemButtonOnSelect" OnKeyUp="buttonOnKeyUp">
				<node name="buttonNormal" >
					
				</node>
				<node name="buttonFocus" >
					<image  rect="0,0,212,25"  src="file:///image/common/bg_wdxx2_jd.png" />
				</node>
		</button>
			<image rect="15,4,15,15" src="file:///image/download/ico_shoucang.png" />
			<scrolltext name="item-text" h-align="left" rect="32,0,185,19" color="#0B5495" text="" step="2" scroll="true"/>
			
			<image rect="3,19,210,1" style="tile" src="file:///image/help/dotline.png"/>
		</node>
		<node name="select" rect="0,0,222,55">
			<image rect="12,0,205,45" src="file:///image/download/dg_bg_jd.png" />
			<scrolltext name="item-text1" h-align="left" rect="32,3,140,19" color="#ffffff" text="" step="2" scroll="true"/>
				
		    <button name="playbutton" rect="182,4,33,19" normal="buttonNormal" focus="buttonFocus" OnSelect="playOnSelect" OnKeyUp="buttonOnKeyUp">
				<node name="buttonNormal" >
					<image name="imageNormal" rect="0,0,33,19" src="file:///image/download/bf2.png" />
				</node>
				<node name="buttonFocus" >
					<image name="imageNormal" rect="0,0,33,19" src="file:///image/download/bf1.png" />
				</node>
			</button>				
		    <button name="deletebutton" rect="182,24,33,19" normal="buttonNormal" focus="buttonFocus" OnSelect="deleteOnSelect" OnKeyUp="buttonOnKeyUp" >
				<node name="buttonNormal" >
					<image name="imageNormal" rect="0,0,33,19" src="file:///image/download/sc1.png" />
				</node>
				<node name="buttonFocus" >
					<image name="imageNormal" rect="0,0,33,19" src="file:///image/download/sc2.png" />
				</node>
			</button>			
						
			<image rect="3,46,210,1" style="tile" src="file:///image/help/dotline.png"/>
		</node>

  </body>
</root>
