﻿<?xml version="1.0" encoding="utf-8"?>
<root>
  <header>
  		<script src="file://upload.lua" />
  </header>
  <body BuildChildrenFinished="bodyBuildChildrenFinished" OnPluginEvent="OnPluginEvent" OnSpriteEvent="bodyOnSpriteEvent" OnSetFocus="labelUploadVideoName">
	<node name="event" OnSpriteEvent="OnSpriteEvent"/>
	<node name="background" active="false" enable="false"> 
    <image name="caption" rect="0,0,240,28" src="file:///image/common/caption.png" />
    <image name="body" rect="0,28,240,274" src="file:///image/common/background.png" />
    <image rect="4,60,230,253" src="file:///image/common/tongyong_1.png" />
    <image rect="5,39,16,16" src="file:///image/uploadinfor/ico_scgl.png" />
    <label rect="20,40,58,15" text="上传文件" color="#436980" />
    <label rect="21,40,58,15" text="上传文件" color="#436980" />
    <label rect="10,98,58,15" text="文件名称" color="#585858" />
    <label rect="11,98,58,15" text="文件名称" color="#585858" />
    <label rect="10,142,58,15" text="文件说明" color="#585858" />
    <label rect="11,142,58,15" text="文件说明" color="#585858" />
  </node>
   
	<battery-signal rect="0,0,240,28" image-battery="file:///image/common/battery.png" image-signal="file:///image/common/signal.png" 
							image-degree="file:///image/common/degree.png" number-degree="4" position-battery="150,8" position-signal="180,8" position-time="207,8"/>
	<!-- 选择上传文件 -->

	<!-- <image name="textUploadFileNameImg" rect="10,67,169,23" src="file:///image/uploadinfor/sc_con_jd.png"/ --> 

	<button name="frame" rect="10,67,169,23" normal="searchEditNormal" focus="searchEditFocus" OnLostFocus="TextOnSelected" mushroom="true">
		<image name="searchEditNormal" rect="0,0,180,23" src="file:///image/home/frame.png" />				
		<image name="searchEditFocus" rect="0,0,180,23" src="file:///image/home/framesel.png" />	
		<edit name="labelUploadVideoName" frame = "true" rect="5,3,173,23" text="" OnTextChanged="VideoNameOnTextChanged" OnKeyUp="UpLoadListKeyUp" />
				<textarea name="labelUploadVideoName1" frame="true" rect="5,3,173,23" color="#888888" text="上传文件路径" line-height="15" loop="true" step="1" />
	</button>
	<button name="buttonUploadFileBrowse" rect="179,67,53,23" normal="normal" focus="focus" OnSelect="buttonUploadFileBrowseOnSelect" OnKeyUp="UpLoadListKeyUp">
		<image name="normal" rect="0,0,53,23" src="file:///image/uploadinfor/sc_ll_jd2.png"/>
		<image name="focus" rect="0,0,53,23" src="file:///image/uploadinfor/sc_ll_jd.png"/>
	</button>			


	<!-- 上传视频名称 -->
	
	<button name="inputUploadVideoNameNode" rect="10,115,220,23" normal="inputUploadVideoNameImgNormal" focus="inputUploadVideoNameImgFocus" mushroom="true" >
		<image name="inputUploadVideoNameImgNormal" rect="0,0,220,23" src="file:///image/uploadinfor/sc_word.png"/>
		<image name="inputUploadVideoNameImgFocus" rect="0,0,220,23" src="file:///image/uploadinfor/sc_word_jj.png"/>
		<textarea name="inputUploadVideoName1" frame="true" rect="3,3,216,93" color="#888888" text="请输入视频内容名称" line-height="15" loop="true" step="1" />
		<edit name="inputUploadVideoName" frame = "true" rect="3,3,218,22" max-size="30" text="请输入视频内容名称" OnTextChanged="inputUploadVideoNameOnTextChanged" OnKeyUp="UpLoadListKeyUp"/>
	</button>
		

		<!-- 上传视频内容描述 -->
		<button name="inputUploadVideoDescNode" rect="10,159,220,93"  normal="inputUploadVideoDescNodeNormal" focus="inputUploadVideoDescNodeFocus" mushroom="true" >
			<image name="inputUploadVideoDescImgNormal" rect="0,0,220,93" src="file:///image/uploadinfor/sc_con2.png"/> 
			<image name="inputUploadVideoDescNodeFocus" rect="0,0,220,93" src="file:///image/uploadinfor/sc_con2_jd.png"/> 
		<edit name="inputUploadVideoDesc" frame="true" rect="3,2,216,93" text=""  OnTextChanged="inputUploadVideoDescOnTextChanged" OnKeyUp="UpLoadListKeyUp" />
		<textarea name="inputDesc1" frame="true" rect="3,2,216,93" color="#888888" text="请输入视频内容描述" line-height="15" loop="true" step="1" />
		<textarea name="inputDesc" frame="true" rect="3,2,216,93" color="#0" text="请输入视频内容描述" line-height="15" loop="true" step="1" />
		</button>

	<!-- 上传按钮 -->
	<node>
		<button name="buttonUpload" rect="90,260,40,27"  normal="buttonUploadNormal" focus="buttonUploadFocus" OnSelect="buttonUploadOnSelect" OnKeyUp="UpLoadListKeyUp">
			<node name="buttonUploadNormal">
				<image name="buttonUploadImg" rect="0,0,40,27" src="file:///image/uploadinfor/shc2.png" />
			</node>
			<node name="buttonUploadFocus">
				<image name="buttonUploadImg" rect="0,0,40,27" src="file:///image/uploadinfor/shc1.png" />
			</node>
		</button>
	</node>

	<node name="loadarea" rect="0,0,240,320">
	</node>
	<node name="scapegoat"></node>
</body>
</root>
