﻿<?xml version="1.0" encoding="utf-8"?>
<root>
  <!--module help-->
  <!--note 用于帮助界面的显示-->
  <!--author shenyi-->
  <!--date 2010/05/26-->
  <header>
	  <script src="file://upload_select.lua" />
  </header>
  <body BuildChildrenFinished="bodyBuildChildrenFinished" 
		OnPluginEvent="OnPluginEvent" OnSpriteEvent="bodyOnSpriteEvent" OnSetFocus="command-button" >
	<node active="false" enable="false">
		<image name="caption" rect="0,0,240,28" src="file:///image/common/caption.png" />
		<image name="body" rect="0,28,240,274" src="file:///image/common/background.png" />
	</node>	
	<battery-signal rect="0,0,240,28" image-battery="file:///image/common/battery.png" image-signal="file:///image/common/signal.png" 
			image-degree="file:///image/common/degree.png" number-degree="4" position-battery="150,8" position-signal="180,8" position-time="207,8"/>
	<node name="top-region" rect = "0,28,240,30">				
		<image name="top-image" rect="0,0,240,30" src="file:///image/help/helptop.png" />
		<label name="file-text" rect="8,0,79,30" text="选择文件" color="#226688" v-align="center" h-align="center" />
	</node>
	<node active="false" enable="false">
		<image rect="5,58,230,233" src="file:///image/common/tongyong_1.png" />
	</node>	
	<list-item name="upload-region" rect="4,60,230,227"  frame="true" mushroom="false">		
		<!--start 上传选择列表-->
		<list name="uploadselect-list" rect="0,4,212,223" col="1" line="200" auto-adjust="true" current="0" >
		</list>
		<!--
		<image name="scrollbar-image" rect="213,3,13,227" src="file:///image/history/scrollbar.png"/>		
		<scrollbar name="scroll" rect="213,17,13,199" style="vert" pos="0" max-size="100" splider="1" bar="splider-bar" OnMouseDown="scrollbarSelect" >
		　　<button name="splider-bar" rect="0,80,0,0">
		　　　　<image name="splider-image" rect="0,0,13,48" src="file:///image/history/splider.png"/>
		　　</button>
		</scrollbar>
		-->
		<!--end-->
	</list-item>	
			
	<list name="QuickLauncherBar" rect="0,0,240,320">
	</list>
  </body>
</root>
	
	