﻿<?xml version="1.0" encoding="utf-8"?>
<root>
  <header>
		<script src="file://videoexpress.lua"/>
  </header>
  <body BuildChildrenFinished="bodyBuildChildrenFinished"
  			OnPluginEvent="OnPluginEvent"
  			>
    <image rect="0,0,240,320" src="file:///image/welcome/background.png" />
    <node rect="64,245,112,4" frame="true" border="false">
    	<image name="progress" rect="-112,0,224,4" style="tile" src="file:///image/welcome/dlload.png" active="true" OnTick="progressOnTick"/>
    </node>
	
	<node name="loadarea" rect="0,0,240,320">
	</node>
  <node name="dialogInterface" OnSpriteEvent="DialogSpriteEvent"/>
  </body>
</root>
