﻿<!--module video_localvideomodule-->
<!--note 本地播放界面模板-->
<!--author cuiyizhou-->
<!--date 2010/05/26-->
<?xml version="1.0" encoding="utf-8"?>
<root>
  <header />
  <body >
		<image rect="29,26,206,30" src="file:///image/player/bofang_bg3.png" enable="false"/>
		<button name="item-playercontrols-fullscreen" rect="47,31,20,20" normal="normal" focus="focus" OnSelect="FullScreenOnButtonClick" OnKeyUp="listKeyUp">
			<image name="normal" rect="0,0,20,20" src="file://image/player/bt_quanpin.png" />
			<image name="focus" rect="0,0,20,20" src="file://image/player/bt_quanpin_b.png" />
		</button>

		<button name="item-playercontrols-volumedown" rect="72,31,20,20" normal="normal" focus="focus" OnSelect="VolumeDownOnButtonClick" OnKeyUp="listKeyUp">
			<image name="normal" rect="0,0,20,20" src="file:///image/player/bt_yingliang2.png" />
			<image name="focus" rect="0,0,20,20" src="file:///image/player/bt_yingliang2_b.png" />
		</button>
		<button name="item-playercontrols-volumeup" rect="97,31,20,20" normal="normal" focus="focus" OnSelect="VolumeUpOnButtonClick" OnKeyUp="listKeyUp">
			<image name="normal" rect="0,0,20,20" src="file:///image/player/bt_yingliang1.png" />
			<image name="focus" rect="0,0,20,20" src="file:///image/player/bt_yingliang1_b.png" />
		</button>
		
		<node name="play" rect="147,31,20,20" frame="true">
			<button name="item-playercontrols-pause" rect="0,0,20,20" normal="normal" focus="focus" OnSelect="PauseOnButtonClick" OnKeyUp="listKeyUp">
				<image name="normal" rect="0,0,20,20" src="file:///image/player/bt_zanting.png" />
				<image name="focus" rect="0,0,20,20" src="file:///image/player/bt_zanting_b.png" />
			</button>
			<button name="item-playercontrols-play" rect="0,20,20,20" normal="normal" focus="focus" OnSelect="PlayOnButtonClick" OnKeyUp="listKeyUp">
				<image name="normal" rect="0,0,20,20" src="file:///image/player/bt_bofang.png" />
				<image name="focus" rect="0,0,20,20" src="file:///image/player/bt_bofang_b.png" />
			</button>
		</node>
		
		<node name="pre" rect="122,31,20,20" frame="true">
			<button name="item-playercontrols-pre" rect="0,0,20,20" normal="normal" focus="focus" OnSelect="PreVideoOnButtonClick" OnKeyUp="listKeyUp">
				<image name="normal" rect="0,0,20,20" src="file:///image/player/bt_kuaibo1.png" />
				<image name="focus" rect="0,0,20,20" src="file:///image/player/bt_kuaibo1_b.png" />
			</button>
			<button name="item-playercontrols-h-pre" rect="0,20,20,20" OnKeyUp="listKeyUp">
				<image name="normal" rect="0,0,20,20" src="file:///image/player/bt_kuaibo1_h_b.png" />
			</button>
		</node>
		<node name="next" rect="172,31,20,20" frame="true">
			<button name="item-playercontrols-next" rect="0,0,20,20" normal="normal" focus="focus" OnSelect="NextVideoOnButtonClick" OnKeyUp="listKeyUp">
				<image name="normal" rect="0,0,20,20" src="file:///image/player/bt_kuaibo2.png" />
				<image name="focus" rect="0,0,20,20" src="file:///image/player/bt_kuaibo2_b.png" />
			</button>
			<button name="item-playercontrols-h-next" rect="0,20,20,20" OnKeyUp="listKeyUp">
				<image name="focus" rect="0,0,20,20" src="file:///image/player/bt_kuaibo2_h_b.png" />
			</button>
		</node>
		
		<node name="item-playerinterface-backpannel" active="false" enable="false">
			<image rect="10,20,223,1" style="tile" src="file:///image/help/dotline.png" />
		</node>
  </body>
</root>
