<?xml version="1.0" encoding="utf-8"?>
<root>
  <header>
  </header>
  <body>
		<node name="videoControl" rect="0,0,240,64" active="true" enable="true">
			<image rect="0,0,240,5" src="file:///image/common/hy_con_bord1.png"/>
			<image rect="0,5,240,54" src="file:///image/common/hy_con_bord2.png" style="tile"/>
			<image rect="0,59,240,5" src="file:///image/common/hy_con_bord3.png"/>
			<image name="controlBoard" rect="25,25,206,43" src="file:///image/video/bofang_bg3.png"/>
			<label name="start-time" rect="8,6,35,15" text="00:00" h-align="center" v-align="center" color="#475c6d" active="false" enable="false"/>
			<button name="qianJinButton" rect="42,11,144,8" OnSelect="qianJinButtonOnSelect">
				<image name="timer-background" rect="0,0,144,8" src="file:///image/video/bg_jingdu.png" active="true" enable="true"/>
			</button>
			<image name="jingdu2b" rect="42,12,120,8" src="file:///image/video/jingdu2b.png" active="false" enable="false"/>
			<image name="jingdu2" rect="42,12,80,8" src="file:///image/video/jingdu2.png" active="false" enable="false"/>
			<image name="jingdu2" rect="42,11,13,8" src="file:///image/video/huakuai.png" active="false" enable="false"/>
			<label name="end-time" rect="187,6,35,15" text="00:00" h-align="center" v-align="center" color="#475c6d" active="false" enable="false"/>
			<button name="quanPinButton" rect="43,30,20,20" normal="normal" focus="focus" OnSelect="playButtonOnSelect">
				<node name="normal">
					<image rect="0,0,20,20" src="WONDER:\\module\image\video\bt_quanpin.png"/>
				</node>
				<node name="focus">
					<image rect="0,0,20,20" src="WONDER:\\module\image\video\bt_quanpin_b.png"/>
				</node>
			</button>
	
			<button name="addYingLiangButton" rect="68,30,20,20" normal="normal" focus="focus" OnSelect="playButtonOnSelect">
				<node name="normal">
					<image rect="0,0,20,20" src="WONDER:\\module\image\video\bt_yingliang2.png"/>
				</node>
				<node name="focus">
					<image rect="0,0,20,20" src="WONDER:\\module\image\video\bt_yingliang2_b.png"/>
				</node>	
			</button>
			
			<button name="subYingLiangButton" rect="93,30,20,20" normal="normal" focus="focus" OnSelect="playButtonOnSelect">
				<node name="normal">
					<image rect="0,0,20,20" src="WONDER:\\module\image\video\bt_yingliang1.png"/>
				</node>
				<node name="focus">
					<image rect="0,0,20,20" src="WONDER:\\module\image\video\bt_yingliang1_b.png"/>
				</node>
			</button>
			
			<button name="boFangButton" rect="118,30,20,20" normal="normal" focus="focus" OnSelect="playButtonOnSelect">
				<node name="normal">
					<image rect="0,0,20,20" src="WONDER:\\module\image\video\bt_bofang.png"/>
				</node>
				<node name="focus">
					<image rect="0,0,20,20" src="WONDER:\\module\image\video\bt_bofang_b.png"/>
				</node>
			</button>			
			
			<button name="firstMovieButton" rect="143,30,20,20" normal="normal" focus="focus" OnSelect="playButtonOnSelect">
				<node name="normal">
					<image rect="0,0,20,20" src="WONDER:\\module\image\video\bt_kuaibo1.png"/>
				</node>
				<node name="focus">
					<image rect="0,0,20,20" src="WONDER:\\module\image\video\bt_kuaibo1_b.png"/>
				</node>
			</button>
			<button name="nextMovieButton" rect="168,30,20,20" normal="normal" focus="focus" OnSelect="playButtonOnSelect">
				<node name="normal">
					<image rect="0,0,20,20" src="WONDER:\\module\image\video\bt_kuaibo2.png"/>
				</node>
				<node name="focus">
					<image rect="0,0,20,20" src="WONDER:\\module\image\video\bt_kuaibo2_b.png"/>
				</node>
			</button>
		</node>
  </body>
</root>