﻿<!--module video_groupvideomodule_item-->
<!--note 组播界面中组中项目按钮模板-->
<!--author cuiyizhou-->
<!--date 2010/05/26-->
<?xml version="1.0" encoding="utf-8"?>
<root>
  <header />
  <body >
		<button name="groupbutton" rect="0,0,49,13" normal="ButtonNormal" focus="ButtonFocus" OnSelect="groupbuttonOnSelect" OnKeyUp="listKeyUp1">
			<node name="ButtonNormal" rect="0,0,49,19">
				<image name="img" rect="0,0,49,19" src="" />
				<label name="NormalButtontext" rect="1,1,49,19" postfix=".." color="#0B5495" text="" />
			</node>
			<node name="ButtonFocus" rect="0,0,49,19">
				<image name="img" rect="0,0,49,19" src="file:///image/player/list_sel_bg.png" />
				<label name="FocusButtontext" rect="1,1,49,19" postfix=".." color="#F0F0F0" text="" />
			</node>
		</button>
  </body>
</root>
