﻿<!--module video_livevideomodule-->
<!--note 组点播界面模板-->
<!--author cuiyizhou-->
<!--date 2010/05/25-->
<?xml version="1.0" encoding="utf-8"?>
<root>
	<header />
	<body >
		<image rect="17,0,206,30" src="file:///image/player/bofang_bg.png" enable="false"/>
		<button name="item-playercontrols-fullscreen" rect="38,5,20,20" normal="normal" focus="focus" OnSelect="FullScreenOnButtonClick" OnKeyUp="listKeyUp">
			<image name="normal" rect="0,0,20,20" src="file:///image/player/bt_quanpin.png" />
			<image name="focus" rect="0,0,20,20" src="file:///image/player/bt_quanpin_b.png" />
		</button>

		<button name="item-playercontrols-volumedown" rect="62,5,20,20" normal="normal" focus="focus" OnSelect="VolumeDownOnButtonClick" OnKeyUp="listKeyUp">
			<image name="normal" rect="0,0,20,20" src="file:///image/player/bt_yingliang2.png" />
			<image name="focus" rect="0,0,20,20" src="file:///image/player/bt_yingliang2_b.png" />
		</button>
		
		<button name="item-playercontrols-volumeup" rect="86,5,20,20" normal="normal" focus="focus" OnSelect="VolumeUpOnButtonClick" OnKeyUp="listKeyUp">
			<image name="normal" rect="0,0,20,20" src="file:///image/player/bt_yingliang1.png" />
			<image name="focus" rect="0,0,20,20" src="file:///image/player/bt_yingliang1_b.png" />
		</button>
		
		<node name="pre" rect="110,5,20,20" frame="true">
			<button name="item-playercontrols-pre" rect="0,0,20,20" normal="normal" focus="focus" OnSelect="PreVideoOnButtonClick" OnKeyUp="listKeyUp">
				<image name="normal" rect="0,0,20,20" src="file:///image/player/bt_kuaibo1.png" />
				<image name="focus" rect="0,0,20,20" src="file:///image/player/bt_kuaibo1_b.png" />
			</button>
			<button name="item-playercontrols-h-pre" rect="0,20,20,20">
				<image name="normal" rect="0,0,20,20" src="file:///image/player/bt_kuaibo1_h_b.png" />
			</button>
		</node>
		
		<node name="play" rect="134,5,20,20" frame="true">
			<button name="item-playercontrols-pause" rect="0,20,20,20" normal="normal" focus="focus" OnSelect="PauseOnButtonClick" OnKeyUp="listKeyUp"> 
				<image name="normal" rect="0,0,20,20" src="file:///image/player/bt_zanting.png" />
				<image name="focus" rect="0,0,20,20" src="file:///image/player/bt_zanting_b.png" />
			</button>
			<button name="item-playercontrols-play" rect="0,0,20,20" normal="normal" focus="focus" OnSelect="PlayOnButtonClick" OnKeyUp="listKeyUp">
				<image name="normal" rect="0,0,20,20" src="file:///image/player/bt_bofang.png" />
				<image name="focus" rect="0,0,20,20" src="file:///image/player/bt_bofang_b.png" />
			</button>
		</node>
		
		<node name="next" rect="158,5,20,20" frame="true">
			<button name="item-playercontrols-next" rect="0,0,20,20" normal="normal" focus="focus" OnSelect="NextVideoOnButtonClick" OnKeyUp="listKeyUp">
				<image name="normal" rect="0,0,20,20" src="file:///image/player/bt_kuaibo2.png" />
				<image name="focus" rect="0,0,20,20" src="file:///image/player/bt_kuaibo2_b.png" />
			</button>
			<button name="item-playercontrols-h-next" rect="0,20,20,20">
				<image name="focus" rect="0,0,20,20" src="file:///image/player/bt_kuaibo2_h_b.png" />
			</button>
		</node>
		
		<button name="item-playercontrols-recommend" rect="182,5,20,20" normal="normal" focus="focus" OnSelect="ConctrlsOnButtonClick" OnKeyUp="listKeyUp">
			<image name="normal" rect="0,0,20,20" src="file:///image/player/bt_dianpin.png" />
			<image name="focus" rect="0,0,20,20" src="file:///image/player/bt_dianpin_b.png" />
		</button>
		<image rect="11,35,218,4" src="file:///image/player/bord_blue_1.png" />
		<image rect="11,39,218,36" style="tile" src="file:///image/player/bord_blue_2.png" />
		<image rect="11,75,218,4" src="file:///image/player/bord_blue_3.png" />
		<button name="item-playercontrols-leftblock" rect="2,43,14,29" normal="normal" focus="focus" OnSelect="ConctrlsOnButtonClick" OnKeyUp="listKeyUp">
			<image name="normal" rect="0,0,14,29" src="file:///image/player/btgd_left.png" />
			<image name="focus" rect="0,0,14,29" src="file:///image/player/btgd_left2.png" />
		</button>
		<button name="item-playercontrols-rightblock" rect="224,43,14,29" normal="normal" focus="focus" OnSelect="ConctrlsOnButtonClick" OnKeyUp="listKeyUp">
			<image name="normal" rect="0,0,14,29" src="file:///image/player/btgd_right.png" />
			<image name="focus" rect="0,0,14,29" src="file:///image/player/btgd_right2.png" />
		</button>

		<button name="item-playerinterface-recommand1" rect="78,17,150,20" normal="normal" focus="focus" OnSelect = "RecommandOnSelect" OnKeyUp="listKeyUp">
			<label name="normal" rect="0,0,150,20" h-align="left" color="#0B5495" text="幸福魔方(6)--错爱"/>
			<label name="focus" rect="0,1,150,20" h-align="left" color="#ff0000" text="幸福魔方(6)--错爱"/>
		</button>
		<button name="item-playerinterface-recommand2" rect="78,34,150,20" normal="normal" focus="focus" OnSelect = "RecommandOnSelect" OnKeyUp="listKeyUp">
			<label name="normal" rect="0,0,150,20" h-align="left" color="#0B5495" text="咪咕明星学院(2)"/>
			<label name="focus" rect="0,1,150,20" h-align="left" color="#ff0000" text="咪咕明星学院(2)"/>
		</button>

		<node name="item-playerinterface-backpannel" active="false" enable="false">
			<image rect="10,20,223,1" style="tile" src="file:///image/help/dotline.png" />
			<image rect="10,57,223,1" style="tile" src="file:///image/help/dotline.png" />
			<label rect="11,17,70,20" h-align="left" color="#0B5495" text="推荐节目：" shadow="true" shadow-color="#0B5495" shadow-offset="1,0"/>
			<label rect="11,34,70,20" h-align="left" color="#0B5495" text="推荐节目：" shadow="true" shadow-color="#0B5495" shadow-offset="1,0"/>
		</node>
		
		<list name="list-playercontrols-groupbtns"  rect="20,38,203,44" auto-adjust="true" col="4" line="2" offset= "50,20">
		</list>
  </body>
</root>
