﻿<!--module video_livevideomodule-->
<!--note 直播界面模板-->
<!--author cuiyizhou-->
<!--date 2010/05/26-->
<?xml version="1.0" encoding="utf-8"?>
<root>
  <header />
  <body >
		<image rect="32,50,181,30" src="file:///image/player/bofang_bg3.png" enable="false"/>
		<button name="item-playercontrols-fullscreen" rect="56,55,20,20" normal="normal" focus="focus" OnSelect="FullScreenOnButtonClick" OnKeyUp="listKeyUp">
			<image name="normal" rect="0,0,20,20" src="file:///image/player/bt_quanpin.png" />
			<image name="focus" rect="0,0,20,20" src="file:///image/player/bt_quanpin_b.png" />
		</button>

		<button name="item-playercontrols-volumedown" rect="84,55,20,20" normal="normal" focus="focus" OnSelect="VolumeDownOnButtonClick" OnKeyUp="listKeyUp">
			<image name="normal" rect="0,0,20,20" src="file:///image/player/bt_yingliang2.png" />
			<image name="focus" rect="0,0,20,20" src="file:///image/player/bt_yingliang2_b.png" />
		</button>

		<button name="item-playercontrols-volumeup" rect="112,55,20,20" normal="normal" focus="focus" OnSelect="VolumeUpOnButtonClick" OnKeyUp="listKeyUp">
			<image name="normal" rect="0,0,20,20" src="file:///image/player/bt_yingliang1.png" />
			<image name="focus" rect="0,0,20,20" src="file:///image/player/bt_yingliang1_b.png" />
		</button>

		<node name="play" rect="140,55,20,20" frame="true">
			<button name="item-playercontrols-pause" rect="0,0,20,20" normal="normal" focus="focus" OnSelect="PauseOnButtonClick" OnKeyUp="listKeyUp">
				<image name="normal" rect="0,0,20,20" src="file:///image/player/bt_zanting.png" />
				<image name="focus" rect="0,0,20,20" src="file:///image/player/bt_zanting_b.png" />
			</button>
			<button name="item-playercontrols-play" rect="0,20,20,20" normal="normal" focus="focus" OnSelect="PlayOnButtonClick" OnKeyUp="listKeyUp">
				<image name="normal" rect="0,0,20,20" src="file:///image/player/bt_bofang.png" />
				<image name="focus" rect="0,0,20,20" src="file:///image/player/bt_bofang_b.png" />
			</button>
		</node>

		<button name="item-playercontrols-recommend" rect="168,55,20,20" normal="normal" focus="focus" OnSelect="ConctrlsOnButtonClick" OnKeyUp="listKeyUp">
			<image name="normal" rect="0,0,20,20" src="file:///image/player/bt_dianpin.png" />
			<image name="focus" rect="0,0,20,20" src="file:///image/player/bt_dianpin_b.png" />
		</button>
  	
		<button name="item-playerinterface-recommand1" rect="78,16,150,20" normal="normal" focus="focus" OnSelect = "RecommandOnSelect" OnKeyUp="listKeyUp">
			<scrolltext step = "2" scroll = "true" name="normal" rect="0,0,150,20" h-align="left" color="#0B5495" text="幸福魔方(6)--错爱"/>
			<scrolltext step = "2" scroll = "true" name="focus" rect="0,1,150,20" h-align="left" color="#ff0000" text="幸福魔方(6)--错爱"/>
		</button>
		<button name="item-playerinterface-recommand2" rect="78,32,150,20" normal="normal" focus="focus" OnSelect = "RecommandOnSelect" OnKeyUp="listKeyUp">
			<scrolltext step = "2" scroll = "true" name="normal" rect="0,0,150,20" h-align="left" color="#0B5495" text="咪咕明星学院(2)"/>
			<scrolltext step = "2" scroll = "true" name="focus" rect="0,1,150,20" h-align="left" color="#ff0000" text="咪咕明星学院(2)"/>
		</button>
		
		<node name="item-playerinterface-backpannel" active="false" enable="false">
			<!--image rect="10,20,223,1" style="tile" src="file:///image/help/dotline.png" />
			<image rect="10,57,223,1" style="tile" src="file:///image/help/dotline.png" /-->
			<label rect="11,16,70,20" h-align="left" color="#0B5495" text="推荐节目：" shadow="true" shadow-color="#0B5495" shadow-offset="1,0"/>
			<label rect="11,32,70,20" h-align="left" color="#0B5495" text="推荐节目：" shadow="true" shadow-color="#0B5495" shadow-offset="1,0"/>
		</node>
  </body>
</root>
