﻿<!--module video-->
<!--note 播放器界面-->
<!--author cuiyizhou-->
<!--date 2010/05/25-->
<?xml version="1.0" encoding="utf-8"?>
<root>
	<header>
		<script src="file://video_livedemand.lua" />
	</header>
	<body BuildChildrenFinished="bodyBuildChildrenFinished" OnPluginEvent="OnPluginEvent" OnSpriteEvent="bodyOnSpriteEvent"  >
	<image name="background" rect="0,28,240,274" src="file:///image//common//background.png" /> 
	<button rect="0,0,0,0" OnMouseUp="SeekUpAreaExtend" mushroom="1">
	<button name="FullSec" rect="0,0,240,320" normal="normal" focus="focus" enable="false" OnSelect="FullSecOnButtonClick" OnKeyUp="FullChangeKeyUp">
		</button>
		<image name="caption" rect="0,0,240,28"  src="file:///image/player/title_top.png" />
		<battery-signal rect="0,0,240,28" image-battery="file:///image/common/battery.png" image-signal="file:///image/common/signal.png" image-degree="file:///image/common/degree.png" number-degree="4" position-battery="150,8" position-signal="180,8" position-time="207,8"/>
		<image name="blackbag" rect="0,27,240,273" style="tile" src="file:///image/common/back.png" />
		<list name="player"  rect="0,0,240,320" col="1" line="5" current="0">
			<image rect="5,293,230,4" src="file:///image/common/bord3.png" />
			<list-item name="item-playerinterface" rect="0,213,240,100" frame="true">
				<node name="item-playerinterface-backpannel" active="false" enable="false">
					<image rect="5,0,230,4" src="file:///image/common/bord1.png" />
					<image rect="5,4,230,150" style="tile" src="file:///image/common/bord2.png" />
				</node>
				<scrollbar name="bar" rect="49,-8,144,28" style="horz" pos="0" max-size="100" splider="1" bar="splider-bar" OnMouseMove="progressHitTest" OnMouseDown="progressOnMouseDown" OnMouseUp="progressOnMouseUp">
					<button name="splider-bar" rect="0,0,0,0" focus="focus" enable="false" OnKeyUp="listKeyUp" OnKeyLongPress="barKeyPress" OnKeyDown="barKeyDown"  >
						<image name="focus" rect="-1,13,146,10"  src="file:///image//player//jingdu_focus.png"/>
					</button>
				</scrollbar>
				<image name="item-playerinterface-progressbar" rect="49,6,144,8" src="file:///image/player/bg_jingdu.png" enable="true" />
				<image name="item-playerinterface-progressbarhighred" rect="50,7,0,6" src="file:///image//player//jingdu2b.png"/>
				<image name="item-playerinterface-progressbarhighlight" rect="50,7,0,6" src="file:///image//player//jingdu2.png"/>
				<image name="item-playerinterface-progressblock" rect="48,6,13,8"  src="file:///image//player//huakuai.png"/>
				<label name="item-playerinterface-curtime" rect="6,2,40,20" h-align="right" color="#0B5495" text="000:00" />
				<label name="item-playerinterface-totaltime" rect="195,2,40,20" h-align="left" color="#0B5495" text="000:00" />
				<list name="list-playercontrols"  rect="0,0,240,100" >
				</list>
			</list-item>		
		</list>
		<node name="debug">
			<label name="status-forground" rect="1,301,240,20" h-align="center" color="#404040" text="" />
			<label name="status-background" rect="0,300,240,20" h-align="center" color="#F0F0F0" text="" />
			<label name="FindMe" rect="1,200,240,20" h-align="center" color="#404040" text="" />
		</node>
		
	  <scrolltext name="player-status1" rect="30,7,110,14" h-align="left" step="2" scroll="true" color="#F0F0F0" text=""/>
	  <scrolltext name="player-status2" rect="31,7,110,14" h-align="left" step="2" scroll="true" color="#F0F0F0" text=""/>
	  <image name="sms-Status-image" rect="0,0,33,28" src="file://image/receive/PlayerMsgImg.PNG" visible="false"/>
	  <scrolltext name="sms-Status" rect="30,7,110,14" h-align="left" color="#F0F0F0" step="2" scroll="true" text="" />
	  <node name="loadingNode" rect="0,0,240,320"/>
	</button>
  </body>
</root>
