﻿<?xml version="1.0" encoding="utf-8"?>
<root>
<!--module vote-->
<!--note 视屏互动，用户投票界面-->
<!--author cuiyizhou-->
<!--date 2010/05/26-->
  <header />
  <body >
		<!--list-item name="panelarea-items"  rect="0,0,240,100" col="1" line="5" current="0"-->
			<!--start 这个节点显示鲜花和扔鸡蛋2个按钮-->
			<node name="vote" rect="0,0,240,100">
				<button name="excelent" rect="47,25,68,64" normal="normal" focus="focus" OnSelect="VoteOnSelect" OnKeyUp="voteOnKeyUp">
					<image name="normal" rect="0,0,68,64" src="file:///image/vote/hudong_xianghua1.png" />
					<image name="focus" rect="1,1,68,64" src="file:///image/vote/hudong_xianghua2.png" />
				</button>
				<button name="notsatisfied" rect="122,25,68,64" normal="normal" focus="focus" OnSelect="VoteOnSelect" OnKeyUp="voteOnKeyUp">
					<image name="normal" rect="0,0,68,64" src="file:///image/vote/hudong_renjidan1.png" />
					<image name="focus" rect="1,1,68,64" src="file:///image/vote/hudong_renjidan2.png" />
				</button>
			</node>
			<!--end-->
			
			<!--start 这个节点显示投票结果和返回按钮-->
			<node name="result" rect="240,0,240,100">
				<image rect="70,28,107,31" src="file:///image/vote/goodvsbad.png" />
				<label name="voteRltRight" rect="66,60,40,14" h-align="center" color="#EE4791" text="" />
				<label name="voteRltWrong" rect="147,60,40,14" h-align="center" color="#0068B3" text="" />
				<!--button name="votereturn" rect="106,68,40,27" normal="normal" focus="focus" OnSelect="VoteOnSelect">
					<image name="normal" rect="0,0,40,27" src="file:///image/dialog/ok.png" />
					<image name="focus" rect="0,0,40,27" src="file:///image/dialog/ok_alt.png" />
				</button-->
			</node>
			<!--end-->
		<!--/list-item-->
  </body>
</root>
