<?xml version="1.0" encoding="utf-8"?>
<root>
	<header>
  	<script src="file://welcomeNew_1.lua" />
  </header>
  <body BuildChildrenFinished="bodyBuildChildrenFinished" OnPluginEvent="OnPluginEvent" OnSpriteEvent="OnSpriteEvent" >
		<image rect="0,0,240,320" src="file:///image/welcomeNew/hy_bg.png" />
    <node active="false" enable="false" >
			<image rect="5,39,230,5" src="file:///image/welcomeNew/hy_con_bord1.png" />
			<image rect="5,44,230,242" style="tile" src="file:///image/welcomeNew/hy_con_bord2.png" />
			<image rect="5,286,230,5" src="file:///image/welcomeNew/hy_con_bord3.png" />
		</node>
		<node name="progress_node" visible="false">
			<image name="homereload_bg" rect="0,34,240,6" src="file:///image/home/homeReload_bg.png" />
			<image name="homereload_fc" rect="0,34,120,6" src="file:///image/home/homeReload_fc.png" />
		</node>
		<!--广告图片1-->	
		<image rect="10,44,220,35" src="file:///image/welcomeNew/hy_ad1.png"/>

		<!--公告区域-->
		<button name="notice11" rect="10,80,34,20"  normal="buttonNormal" focus="buttonFocus" OnSelect="noticeOnSelect"  OnKeyUp="listKeyUp" >
			<image rect="0,5,34,20" name="localbackup" src="file:///image/welcomeNew/hy_ico_gg.png" />
			<image  rect="0,5,34,20" name="localbackup" src="file:///image/welcomeNew/hy_ico_sel.png" />
			<image name="buttonNormal" rect="0,5,34,20" src="file:///image/welcomeNew/hy_ico_gg.png" />
			<image name="buttonFocus" rect="0,5,34,20" src="file:///image/welcomeNew/hy_ico_sel.png" />
			<label name="url" text="http://c2.cmvideo.cn/sup/data/clt/v2/content.jsp?contentId=4658&amp;channelId=246" visible="0"/>
		</button>
			
		<button name="notice12" rect="44,80,220,20"  normal="buttonNormal" focus="buttonFocus" OnSelect="noticeOnSelect1" OnKeyUp="listKeyUp">
			<label name="buttonNormal" rect="6,8,185,20"  text="视频送祝福 开心赢红包" color="#004070" h-align="left" v-align="top" />
			<node name="buttonFocus">
				<image rect="1,5,185,20" src="file:///image/welcomeNew/gonggao_text_sel.png" />
				<label rect="4,8,185,20"  text="视频送祝福 开心赢红包" color="#ffffff" h-align="left" v-align="top" />
			</node >
			<label name="url" text="http://c2.cmvideo.cn/sup/data/clt/v2/content.jsp?contentId=4658&amp;channelId=246" visible="0"/>
		</button>			
		
		<button name="notice21" rect="10,101,34,20"  normal="buttonNormal" focus="buttonFocus" OnSelect="noticeOnSelect"  OnKeyUp="listKeyUp" >
			<image rect="0,5,34,20" name="localbackup" src="file:///image/welcomeNew/hy_ico_gg.png" />
			<image  rect="0,5,34,20" name="localbackup" src="file:///image/welcomeNew/hy_ico_sel.png" />
			<image name="buttonNormal" rect="0,5,34,20" src="file:///image/welcomeNew/hy_ico_gg.png" />
			<image name="buttonFocus" rect="0,5,34,20" src="file:///image/welcomeNew/hy_ico_sel.png" />
			<label name="url" text="http://c2.cmvideo.cn/sup/data/clt/v2/content.jsp?contentId=4658&amp;channelId=246" visible="0"/>
		</button>

		<button name="notice22" rect="44,101,220,20"  normal="buttonNormal" focus="buttonFocus" OnSelect="noticeOnSelect1" OnKeyUp="listKeyUp">
			<node name="buttonNormal">
				<label rect="6,8,185,20" name="" text="新春开心专区免费大餐" color="#004070" h-align="left" v-align="top" />
			</node>
			<node name="buttonFocus">
				<image rect="1,5,185,20" src="file:///image/welcomeNew/gonggao_text_sel.png" />
				<label rect="6,8,185,20" name="" text="新春开心专区免费大餐" color="#ffffff" h-align="left" v-align="top" />
			</node >
			<label name="url" text="http://c2.cmvideo.cn/sup/data/clt/v2/content.jsp?contentId=4658&amp;channelId=246" visible="0"/>
		</button>

		<!--公告区域 end-->
		<image rect="5,126,230,1" src="file:///image/welcomeNew/hy_con_line.png" />
		
		<!--热点区域-->
		<button name="hot11" rect="0,130,35,20" normal="buttonNormal" focus="buttonFocus" OnSelect="hotOnSelect"  OnKeyUp="listKeyUp" >
		   <image name="buttonNormal" rect="10,0,35,20" src="file:///image/welcomeNew/hy_ico_hot.png" />
		   <image name="buttonFocus" rect="10,0,35,20" src="file:///image/welcomeNew/hy_ico_hot_sel.png" />
		   <label name="url" text="" visible="0"/>
		   <label name="url" text="http://c2.cmvideo.cn/sup/data/clt/v2/content.jsp?contentId=4402591&amp;parentChannelId=10010984&amp;channelId=71251" visible="0"/>
		</button>

		<button name="hot12" rect="15,130,240,20" normal="buttonNormal" focus="buttonFocus" OnSelect="hotOnSelect" OnKeyUp="listKeyUp">
			<label name="buttonNormal" rect="15,1,185,20" text="《白银帝国》上" color="#004070" h-align="left" v-align="top" />
			<node name="buttonFocus">
				<image rect="11,0,203,19" src="file:///image/welcomeNew/hy_ico_hot_bg.png" />
				<label rect="15,1,185,20" text="《白银帝国》上" color="#ffffff" h-align="left" v-align="top" />
			</node>
			<label name="url" text="http://c2.cmvideo.cn/sup/data/clt/v2/content.jsp?contentId=4402591&amp;parentChannelId=10010984&amp;channelId=71251" visible="0"/>
		</button>
				
		<button name="hot21" rect="0,152,35,20" normal="buttonNormal" focus="buttonFocus" OnSelect="hotOnSelect"  OnKeyUp="listKeyUp" >
			<image name="buttonNormal" rect="10,0,15,20" src="file:///image/welcomeNew/hy_ico_hot.png" />
			<image name="buttonFocus" rect="10,0,15,20" src="file:///image/welcomeNew/hy_ico_hot_sel.png" />
			<label name="url" text="http://c2.cmvideo.cn/sup/data/clt/v2/content.jsp?contentId=4447394&amp;parentChannelId=10010984&amp;channelId=71251" visible="0"/>
		</button>
		<button name="hot22" rect="15,152,240,20" normal="buttonNormal" focus="buttonFocus" OnSelect="hotOnSelect" OnKeyUp="listKeyUp">
			<label name="buttonNormal" rect="15,1,185,20" text="《隋朝来客》上" color="#004070" h-align="left" v-align="top" />
			<node name="buttonFocus">
				<image rect="11,0,203,19" src="file:///image/welcomeNew/hy_ico_hot_bg.png" />
				<label rect="15,1,185,20" text="《隋朝来客》上" color="#ffffff" h-align="left" v-align="top" />
			</node>
			<label name="url" text="http://c2.cmvideo.cn/sup/data/clt/v2/content.jsp?contentId=4447394&amp;parentChannelId=10010984&amp;channelId=71251" visible="0"/>
		</button>
		<!--热点区域 end-->
		<!--广告图片2-->
		<image rect="10,173,220,30" src="file:///image/welcomeNew/hy_ad2.png" />
		<!--广告图片2 end-->
		
		<!--影视推进区域-->
		<button name="movie1" rect="0,208,203,20" normal="mvNormal" focus="mvFocus" OnSelect="movieOnSelect" OnKeyUp="listKeyUp">
			<node name="mvNormal">
				<image rect="10,6,34,20" src="file:///image/welcomeNew/hy_ico_movie.png" />
				<label rect="30,4,185,20" text="《盗版猫》中" color="#004070"  h-align="left" v-align="top" />
			</node>
			<node name="mvFocus">
				<image rect="10,3,221,19" src="file:///image/welcomeNew/hy_hot_sel_bg2.png" />
				<label rect="30,4,185,20" text="《盗版猫》中" color="#F0F0F0"  h-align="left" v-align="top" />
			</node>
			<label name="url" text="http://c2.cmvideo.cn/sup/data/clt/v2/content.jsp?contentId=4356172&amp;parentChannelId=10010984&amp;channelId=71251" visible="0"/>
		</button>
		
		<button name="movie2" rect="0,230,185,20" normal="mvNormal" focus="mvFocus" OnSelect="movieOnSelect" OnKeyUp="listKeyUp" >
			<node name="mvNormal">
				<image rect="10,6,34,20" src="file:///image/welcomeNew/hy_ico_movie.png" />
				<label rect="30,4,185,20" text="《建国大业》中" color="#004070"  h-align="left" v-align="top" />
			</node>
			<node name="mvFocus">
				<image rect="10,3,221,19" src="file:///image/welcomeNew/hy_hot_sel_bg2.png" />
				<label rect="30,4,185,20" text="《建国大业》中" color="#F0F0F0"  h-align="left" v-align="top" />
			</node>
			<label name="url" text="http://c2.cmvideo.cn/sup/data/clt/v2/content.jsp?contentId=4362408&amp;parentChannelId=10010984&amp;channelId=71251" visible="0"/>
		</button>
		
		<button name="movie3" rect="0,250,185,20" normal="mvNormal" focus="mvFocus" OnSelect="movieOnSelect" OnKeyUp="listKeyUp">
			<node name="mvNormal">
				<image rect="10,6,34,20" src="file:///image/welcomeNew/hy_ico_movie.png" />
				<label rect="30,4,185,20" text="《大胃王》上" color="#004070"  h-align="left" v-align="top" />
			</node>
			<node name="mvFocus">
				<image rect="10,3,221,19" src="file:///image/welcomeNew/hy_hot_sel_bg2.png" />
				<label rect="30,4,185,20" text="《大胃王》上" color="#F0F0F0"  h-align="left" v-align="top" />
			</node>
			<label name="url" text="http://c2.cmvideo.cn/sup/data/clt/v2/content.jsp?contentId=4362457&amp;parentChannelId=10010984&amp;channelId=71251" visible="0"/>
		</button>
		
		<button name="movie4" rect="0,270,185,20" normal="mvNormal" focus="mvFocus" OnSelect="movieOnSelect" OnKeyUp="listKeyUp">
			<node name="mvNormal">
				<image rect="10,6,34,20" src="file:///image/welcomeNew/hy_ico_movie.png" />
				<label rect="30,4,185,20" text="《窈窕绅士》下" color="#004070"  h-align="left" v-align="top" />
			</node>
			<node name="mvFocus">
				<image rect="10,3,221,19" src="file:///image/welcomeNew/hy_hot_sel_bg2.png" />
				<label rect="30,4,185,20" text="《窈窕绅士》下" color="#F0F0F0"  h-align="left" v-align="top" />
			</node>			
			<label name="url" text="http://c2.cmvideo.cn/sup/data/clt/v2/content.jsp?contentId=4402527&amp;parentChannelId=10010984&amp;channelId=71251" visible="0"/>	
		</button>
		<!--影视推进区域 end-->
		
		<button name="gotoHomePage" visible="1" enable="1" rect="0,295,85,25" normal="normal" focus="focus" OnSelect="gotoHomePageOnSelect" OnKeyUp="gotoHomePageKeyUp">
			<node name="normal">
				<label rect="5,5,47,16" text="进入首页" color="#ffffff" v-align="center" h-align="center"/>
				<image rect="52,8,26,20" src="file:///image/welcomeNew/hy_bt_enter.png"/>
			</node>
			<node name="focus">
				<label rect="6,6,47,16" text="进入首页" color="#f461B9" v-align="center" h-align="center"/>
				<image rect="53,9,26,20" src="file:///image/welcomeNew/hy_bt_enter.png"/>
			</node>
		</button>
		<node name="loadarea" rect="0,0,240,320">
		</node>
		<label name="status-forground" rect="120,300,120,20" h-align="right" color="#F0F0F0" text="" />
	</body>
</root>