﻿<?xml version="1.0" encoding="utf-8"?>
<root>
  <header>
		<script src="file://welcome.lua"/>
  </header>
  <body BuildChildrenFinished="bodyBuildChildrenFinished" OnPluginEvent="OnPluginEvent" OnSpriteEvent="OnSpriteEvent" OnSetFocus="welcome-button-back" >
    <image rect="0,0,240,320" src="file:///image/welcome/background.png" />
    <node rect="64,245,112,4" frame="true" border="false">
    	<image name="progress" rect="-112,0,224,4" style="tile" src="file:///image/welcome/dlload.png" active="true" OnTick="progressOnTick"/>
    </node>
    <label name="status-forground" rect="0,261,240,20" h-align="center" color="#F0F0F0" text="" />
    <label name="status-bottom" rect="4,302,240,20" h-align="left" color="#F0F0F0" text="" />
    <image name="status-progress" rect="64,245,0,4" src="file:///image/welcome/progress.png" visible="true" />
    <button name="welcome-button-back" rect="209, 303, 30, 28" OnSelect="OnSelectBackButton" OnKeyUp="welcomeButtonBackKeyUp">
    	<label name="" rect="0,0,30,28" text="退出" color="#F0F0F0" h-align="left" v-align="top" />
    </button>
  </body>
</root>
